product_id,sku_id,referencia,ean,nombre,marca,descripcion,link_texto,url_producto,categoria_id,categoria_nombre,categoria_id_vtex,precio_normal,precio_oferta,precio_unitario,descuento_pct,tiene_descuento,disponible,moneda,colecciones,num_colecciones,imagen_url,fecha_extraccion,vendedor,precio_cmr,patrocinado
152765278,152765280,,,Prosciutto Di Parma Villani Empaque 100 g,VILLANI,Empaque 100 g,https://www.tottus.com.pe/tottus-pe/articulo/152765278/prosciutto-di-parma-villani-empaque-100-g/152765280,https://www.tottus.com.pe/tottus-pe/articulo/152765278/prosciutto-di-parma-villani-empaque-100-g/152765280,CATG10116,Italia,J0501013706,51.5,51.5,51.5,,False,True,PEN,,0,"https://media.tottus.com.pe/tottusPE/43643282_1/width=240,height=240,quality=70,format=webp,fit=pad",2026-05-03 20:31,Por TOTTUS,,False
152765271,152765272,,,Prosciutto Culatello Villani Empaque 90 g,VILLANI,Empaque 90 g,https://www.tottus.com.pe/tottus-pe/articulo/152765271/prosciutto-culatello-villani-empaque-90-g/152765272,https://www.tottus.com.pe/tottus-pe/articulo/152765271/prosciutto-culatello-villani-empaque-90-g/152765272,CATG10116,Italia,J0501013706,48.5,48.5,48.5,,False,True,PEN,,0,"https://media.tottus.com.pe/tottusPE/43643280_1/width=240,height=240,quality=70,format=webp,fit=pad",2026-05-03 20:31,Por TOTTUS,,False
113713094,113713095,,,Pepperoni Casa Europa Empaque 150 g,CASA EUROPA,Empaque 150 g,https://www.tottus.com.pe/tottus-pe/articulo/113713094/pepperoni-casa-europa-150-g/113713095,https://www.tottus.com.pe/tottus-pe/articulo/113713094/pepperoni-casa-europa-150-g/113713095,CATG10116,Italia,J0501013705,18.9,18.9,18.9,,False,True,PEN,,0,"https://media.tottus.com.pe/tottusPE/41876754_1/width=240,height=240,quality=70,format=webp,fit=pad",2026-05-03 20:31,Por TOTTUS,,False
113712230,113712231,,,Prosciutto de Lomo Casa Europa Empaque 100 g,CASA EUROPA,Empaque 100 g,https://www.tottus.com.pe/tottus-pe/articulo/113712230/prosciutto-de-lomo-casa-europa-100-g/113712231,https://www.tottus.com.pe/tottus-pe/articulo/113712230/prosciutto-de-lomo-casa-europa-100-g/113712231,CATG10116,Italia,J0501013701,18.9,18.9,18.9,,False,True,PEN,,0,"https://media.tottus.com.pe/tottusPE/41545405_1/width=240,height=240,quality=70,format=webp,fit=pad",2026-05-03 20:31,Por TOTTUS,,False
153089442,153089443,,,Prosciutto Villani Pastorello Empaque 70 g,VILLANI,Empaque 70 g,https://www.tottus.com.pe/tottus-pe/articulo/153089442/prosciutto-villani-pastorello-empaque-70-g/153089443,https://www.tottus.com.pe/tottus-pe/articulo/153089442/prosciutto-villani-pastorello-empaque-70-g/153089443,CATG10116,Italia,J0501013706,27.5,27.5,27.5,,False,True,PEN,,0,"https://media.tottus.com.pe/tottusPE/43664465_1/width=240,height=240,quality=70,format=webp,fit=pad",2026-05-03 20:31,Por TOTTUS,,False
144946367,144946368,,,Aperitivo Milanes Skin La Genovesa Empaque 180 g,LA GENOVESA,Empaque 180 g,https://www.tottus.com.pe/tottus-pe/articulo/144946367/APERITIVO%20MILANES%20SKIN%20X%20180G/144946368,https://www.tottus.com.pe/tottus-pe/articulo/144946367/APERITIVO%20MILANES%20SKIN%20X%20180G/144946368,CATG10117,España,J0501013706,23.9,23.9,23.9,,False,True,PEN,,0,"https://media.tottus.com.pe/tottusPE/43548264_1/width=240,height=240,quality=70,format=webp,fit=pad",2026-05-03 20:31,Por TOTTUS,,False
144946239,144946240,,,Aperitivo Palermo Skin La Genovesa Empaque 180 g,LA GENOVESA,Empaque 180 g,https://www.tottus.com.pe/tottus-pe/articulo/144946239/APERITIVO%20PALERMO%20SKIN%20X%20180G/144946240,https://www.tottus.com.pe/tottus-pe/articulo/144946239/APERITIVO%20PALERMO%20SKIN%20X%20180G/144946240,CATG10117,España,J0501013706,23.9,23.9,23.9,,False,True,PEN,,0,"https://media.tottus.com.pe/tottusPE/43548265_1/width=240,height=240,quality=70,format=webp,fit=pad",2026-05-03 20:31,Por TOTTUS,,False
117265371,117265372,,,Chorizo Español Otto Kunz x Kg,OTTO KUNZ,100 g Aprox.,https://www.tottus.com.pe/tottus-pe/articulo/117265371/CHORIZO%20ESPANOL%20OTTO%20KUNZ%20X%20KG/117265372,https://www.tottus.com.pe/tottus-pe/articulo/117265371/CHORIZO%20ESPANOL%20OTTO%20KUNZ%20X%20KG/117265372,CATG10117,España,J0501013705,140.0,140.0,140.0,,False,True,PEN,,0,"https://media.tottus.com.pe/tottusPE/10428548_1/width=240,height=240,quality=70,format=webp,fit=pad",2026-05-03 20:31,Por TOTTUS,,False
144752261,144752262,,,Antipasto Italiano La Genovesa Empaque 200 g,LA GENOVESA,Empaque 200 g,https://www.tottus.com.pe/tottus-pe/articulo/144752261/ANTIPASTO%20ITALIANO%20SKIN%20X%20200G/144752262,https://www.tottus.com.pe/tottus-pe/articulo/144752261/ANTIPASTO%20ITALIANO%20SKIN%20X%20200G/144752262,CATG10117,España,J0501013706,36.5,36.5,36.5,,False,True,PEN,,0,"https://media.tottus.com.pe/tottusPE/43545514_1/width=240,height=240,quality=70,format=webp,fit=pad",2026-05-03 20:31,Por TOTTUS,,False
144752271,144752272,,,Aperitivo Fiorentino La Genovesa Empaque 180 g,LA GENOVESA,Empaque 180 g,https://www.tottus.com.pe/tottus-pe/articulo/144752271/APERITIVO%20FIORENTINO%20SKIN%20X%20180G/144752272,https://www.tottus.com.pe/tottus-pe/articulo/144752271/APERITIVO%20FIORENTINO%20SKIN%20X%20180G/144752272,CATG10117,España,J0501013706,23.9,23.9,23.9,,False,True,PEN,,0,"https://media.tottus.com.pe/tottusPE/43545515_1/width=240,height=240,quality=70,format=webp,fit=pad",2026-05-03 20:31,Por TOTTUS,,False
144752269,144752270,,,Mortadela La Genovesa con Pistachos Empaque 150 g,LA GENOVESA,Empaque 150 g,https://www.tottus.com.pe/tottus-pe/articulo/144752269/MORTADELA%20CON%20PISTACHOS%20SKIN%20X%20150G/144752270,https://www.tottus.com.pe/tottus-pe/articulo/144752269/MORTADELA%20CON%20PISTACHOS%20SKIN%20X%20150G/144752270,CATG10117,España,J0501013706,10.5,10.5,10.5,,False,True,PEN,,0,"https://media.tottus.com.pe/tottusPE/43545505_1/width=240,height=240,quality=70,format=webp,fit=pad",2026-05-03 20:31,Por TOTTUS,,False
144752245,144752246,,,Peperoni La Genovesa Empaque 120 g,LA GENOVESA,Empaque 120 g,https://www.tottus.com.pe/tottus-pe/articulo/144752245/PEPERONI%20SKIN%20X%20120G/144752246,https://www.tottus.com.pe/tottus-pe/articulo/144752245/PEPERONI%20SKIN%20X%20120G/144752246,CATG10117,España,J0501013705,13.5,13.5,13.5,,False,True,PEN,,0,"https://media.tottus.com.pe/tottusPE/43545506_1/width=240,height=240,quality=70,format=webp,fit=pad",2026-05-03 20:31,Por TOTTUS,,False
116241016,116241017,,,Chorizo Vela Extra España e Hijos x Kg,ESPANA E HIJOS,80 g Aprox.,https://www.tottus.com.pe/tottus-pe/articulo/116241016/chorizo-vela-extra/116241017,https://www.tottus.com.pe/tottus-pe/articulo/116241016/chorizo-vela-extra/116241017,CATG10117,España,J0501013705,44.9,44.9,44.9,,False,True,PEN,,0,"https://media.tottus.com.pe/tottusPE/42350904_1/width=240,height=240,quality=70,format=webp,fit=pad",2026-05-03 20:31,Por TOTTUS,,False
123561604,123561605,,,Lomo Ahumado Otto Kunz x Kg,OTTO KUNZ,1 Kg Aprox.,https://www.tottus.com.pe/tottus-pe/articulo/123561604/lomo-ahumado-otto-kunz-x-kg/123561605,https://www.tottus.com.pe/tottus-pe/articulo/123561604/lomo-ahumado-otto-kunz-x-kg/123561605,CATG10117,España,J0501013703,72.9,72.9,72.9,,False,True,PEN,,0,"https://media.tottus.com.pe/tottusPE/40683143_1/width=240,height=240,quality=70,format=webp,fit=pad",2026-05-03 20:31,Por TOTTUS,,False
151746041,151746042,,,Salchichón Cular Extra La Leyenda Empaque 100 g,LA LEYENDA,Empaque 100 g,https://www.tottus.com.pe/tottus-pe/articulo/151746041/salchichon-cular-extra-la-leyenda-empaque-100-g/151746042,https://www.tottus.com.pe/tottus-pe/articulo/151746041/salchichon-cular-extra-la-leyenda-empaque-100-g/151746042,CATG10117,España,J0501013705,12.9,12.9,12.9,,False,True,PEN,,0,"https://media.tottus.com.pe/tottusPE/43635616_1/width=240,height=240,quality=70,format=webp,fit=pad",2026-05-03 20:31,Por TOTTUS,,False
113711632,113711633,,,Jamón Inglés Otto Kunz Empaque 200 g,OTTO KUNZ,Empaque 200 g,https://www.tottus.com.pe/tottus-pe/articulo/113711632/jamon-ingles-otto-kunz-empaque-200-g/113711633,https://www.tottus.com.pe/tottus-pe/articulo/113711632/jamon-ingles-otto-kunz-empaque-200-g/113711633,CATG10118,Jamón Pizzero e Inglés,J0501011307,14.9,12.9,12.9,13.4,True,True,PEN,,0,"https://media.tottus.com.pe/tottusPE/10170980_1/width=240,height=240,quality=70,format=webp,fit=pad",2026-05-03 20:31,Por TOTTUS,11.7,False
119117217,119117219,,,Jamón Inglés Salchichería Alemana Empaque 200 g,SALCHICHERIA ALEMANA,Empaque 200 g,https://www.tottus.com.pe/tottus-pe/articulo/119117217/jamon-ingles-salchicheria-alemana-empaque-200-g/119117219,https://www.tottus.com.pe/tottus-pe/articulo/119117217/jamon-ingles-salchicheria-alemana-empaque-200-g/119117219,CATG10118,Jamón Pizzero e Inglés,J0501011307,14.9,14.9,14.9,,False,True,PEN,,0,"https://media.tottus.com.pe/tottusPE/43055671_1/width=240,height=240,quality=70,format=webp,fit=pad",2026-05-03 20:31,Por TOTTUS,,False
113711508,113711509,,,Jamón Inglés Braedt Balance Empaque 200 g,BRAEDT,Empaque 200 g,https://www.tottus.com.pe/tottus-pe/articulo/113711508/jamon-ingles-braedt-balance-empaque-200-g/113711509,https://www.tottus.com.pe/tottus-pe/articulo/113711508/jamon-ingles-braedt-balance-empaque-200-g/113711509,CATG10118,Jamón Pizzero e Inglés,J0501011307,14.2,14.2,14.2,,False,True,PEN,,0,"https://media.tottus.com.pe/tottusPE/41580368_1/width=240,height=240,quality=70,format=webp,fit=pad",2026-05-03 20:31,Por TOTTUS,,False
118938027,118938028,,,Jamón Inglés Premium Tottus Empaque 200 g,TOTTUS,Empaque 200 g,https://www.tottus.com.pe/tottus-pe/articulo/118938027/jamon-ingles-premium-tottus-empaque-200-g/118938028,https://www.tottus.com.pe/tottus-pe/articulo/118938027/jamon-ingles-premium-tottus-empaque-200-g/118938028,CATG10118,Jamón Pizzero e Inglés,J0501011307,11.9,11.9,11.9,,False,True,PEN,,0,"https://media.tottus.com.pe/tottusPE/42842297_1/width=240,height=240,quality=70,format=webp,fit=pad",2026-05-03 20:31,Por TOTTUS,,False
113711948,113711949,,,Jamón Americano Suiza Empaque 180 g,SUIZA,Empaque 180 g,https://www.tottus.com.pe/tottus-pe/articulo/113711948/jamon-americano-suiza-empaque-180-g/113711949,https://www.tottus.com.pe/tottus-pe/articulo/113711948/jamon-americano-suiza-empaque-180-g/113711949,CATG10118,Jamón Pizzero e Inglés,J0501011308,6.7,6.7,6.7,,False,True,PEN,,0,"https://media.tottus.com.pe/tottusPE/40773787_1/width=240,height=240,quality=70,format=webp,fit=pad",2026-05-03 20:31,Por TOTTUS,,False
145823584,145823585,,,Jamon Pizzero Casa Europa Empaque 500 g,,Empaque 500 g,https://www.tottus.com.pe/tottus-pe/articulo/145823584/JAMON%20PIZZERO%20CASA%20EUROPA%20X%20500G/145823585,https://www.tottus.com.pe/tottus-pe/articulo/145823584/JAMON%20PIZZERO%20CASA%20EUROPA%20X%20500G/145823585,CATG10118,Jamón Pizzero e Inglés,J0501011308,23.9,23.9,23.9,,False,True,PEN,,0,"https://media.tottus.com.pe/tottusPE/43555401_1/width=240,height=240,quality=70,format=webp,fit=pad",2026-05-03 20:31,Por TOTTUS,,False
122030497,122030498,,,Jamón Inglés Braedt Empaque 200 g,BRAEDT,Empaque 200 g,https://www.tottus.com.pe/tottus-pe/articulo/122030497/jamon-ingles-braedt-empaque-200-g/122030498,https://www.tottus.com.pe/tottus-pe/articulo/122030497/jamon-ingles-braedt-empaque-200-g/122030498,CATG10118,Jamón Pizzero e Inglés,J0501011307,12.5,12.5,12.5,,False,True,PEN,,0,"https://media.tottus.com.pe/tottusPE/41778543_1/width=240,height=240,quality=70,format=webp,fit=pad",2026-05-03 20:31,Por TOTTUS,,False
113715793,113715794,,,Jamón Pizzero Casa Europa Empaque 200 g,CASA EUROPA,Empaque 200 g,https://www.tottus.com.pe/tottus-pe/articulo/113715793/jamon-pizzero-casa-europa-200-g/113715794,https://www.tottus.com.pe/tottus-pe/articulo/113715793/jamon-pizzero-casa-europa-200-g/113715794,CATG10118,Jamón Pizzero e Inglés,J0501011308,10.0,10.0,10.0,,False,True,PEN,,0,"https://media.tottus.com.pe/tottusPE/41538879_1/width=240,height=240,quality=70,format=webp,fit=pad",2026-05-03 20:31,Por TOTTUS,,False
118937991,118937992,,,Jamón para Pizza Tottus Empaque 500 g,TOTTUS,Empaque 500 g,https://www.tottus.com.pe/tottus-pe/articulo/118937991/jamon-para-pizza-tottus-empaque-500-g/118937992,https://www.tottus.com.pe/tottus-pe/articulo/118937991/jamon-para-pizza-tottus-empaque-500-g/118937992,CATG10118,Jamón Pizzero e Inglés,J0501011308,11.9,11.9,11.9,,False,True,PEN,,0,"https://media.tottus.com.pe/tottusPE/42842289_1/width=240,height=240,quality=70,format=webp,fit=pad",2026-05-03 20:31,Por TOTTUS,,False
120785529,120785530,,,Jamón Inglés Suiza Bolsa 180 g,SUIZA,Bolsa 180 g,https://www.tottus.com.pe/tottus-pe/articulo/120785529/jamon-ingles-suiza-bolsa-180-g/120785530,https://www.tottus.com.pe/tottus-pe/articulo/120785529/jamon-ingles-suiza-bolsa-180-g/120785530,CATG10118,Jamón Pizzero e Inglés,J0501011307,14.5,11.5,11.5,20.7,True,True,PEN,,0,"https://media.tottus.com.pe/tottusPE/43098591_1/width=240,height=240,quality=70,format=webp,fit=pad",2026-05-03 20:31,Por TOTTUS,10.8,False
123541959,123541960,,,Jamón Pizza Otto Kunz x Kg,OTTO KUNZ,Empaque 1 Kg Aprox.,https://www.tottus.com.pe/tottus-pe/articulo/123541959/jamon-pizza-otto-kunz-x-kg/123541960,https://www.tottus.com.pe/tottus-pe/articulo/123541959/jamon-pizza-otto-kunz-x-kg/123541960,CATG10118,Jamón Pizzero e Inglés,J0501011308,32.5,32.5,32.5,,False,True,PEN,,0,"https://media.tottus.com.pe/tottusPE/10170720_1/width=240,height=240,quality=70,format=webp,fit=pad",2026-05-03 20:31,Por TOTTUS,,False
123541957,123541958,,,Jamón Inglés Otto Kunz Kg,OTTO KUNZ,Empaque 200 g Aprox,https://www.tottus.com.pe/tottus-pe/articulo/123541957/Jam%C3%B3n%20Ingl%C3%A9s%20Otto%20Kunz%20Kg/123541958,https://www.tottus.com.pe/tottus-pe/articulo/123541957/Jam%C3%B3n%20Ingl%C3%A9s%20Otto%20Kunz%20Kg/123541958,CATG10118,Jamón Pizzero e Inglés,J0501011307,58.9,58.9,58.9,,False,True,PEN,,0,"https://media.tottus.com.pe/tottusPE/10170704_1/width=240,height=240,quality=70,format=webp,fit=pad",2026-05-03 20:31,Por TOTTUS,,False
126043906,126043908,,,Jamón Inglés Casa Europa x Kg,CASA EUROPA,Empaque 100 g Aprox.,https://www.tottus.com.pe/tottus-pe/articulo/126043906/jamon-ingles-casa-europa-x-kg/126043908,https://www.tottus.com.pe/tottus-pe/articulo/126043906/jamon-ingles-casa-europa-x-kg/126043908,CATG10118,Jamón Pizzero e Inglés,J0501011307,66.5,66.5,66.5,,False,True,PEN,,0,"https://media.tottus.com.pe/tottusPE/43197956_1/width=240,height=240,quality=70,format=webp,fit=pad",2026-05-03 20:31,Por TOTTUS,,False
113712344,113712345,,,Jamón Inglés Casa Europa Empaque 200 g,CASA EUROPA,Empaque 200 g,https://www.tottus.com.pe/tottus-pe/articulo/113712344/jamon-ingles-casa-europa-empaque-200-g/113712345,https://www.tottus.com.pe/tottus-pe/articulo/113712344/jamon-ingles-casa-europa-empaque-200-g/113712345,CATG10118,Jamón Pizzero e Inglés,J0501011307,16.9,13.52,13.52,20.0,True,True,PEN,,0,"https://media.tottus.com.pe/tottusPE/40904484_1/width=240,height=240,quality=70,format=webp,fit=pad",2026-05-03 20:31,Por TOTTUS,,False
119303415,119303416,,,Jamón Pizzero Braedt Empaque 200 g,BRAEDT,Empaque 200 g,https://www.tottus.com.pe/tottus-pe/articulo/119303415/jamon-pizzero-braedt-empaque-200-g/119303416,https://www.tottus.com.pe/tottus-pe/articulo/119303415/jamon-pizzero-braedt-empaque-200-g/119303416,CATG10118,Jamón Pizzero e Inglés,J0501011308,5.9,5.9,5.9,,False,True,PEN,,0,"https://media.tottus.com.pe/tottusPE/41778544_1/width=240,height=240,quality=70,format=webp,fit=pad",2026-05-03 20:31,Por TOTTUS,,False
123541807,123541808,,,Jamón Inglés Artesanal Braedt x Kg,BRAEDT,Empaque 200 g Aprox.,https://www.tottus.com.pe/tottus-pe/articulo/123541807/jamon-ingles-artesanal-braedt-empaque-200-g/123541808,https://www.tottus.com.pe/tottus-pe/articulo/123541807/jamon-ingles-artesanal-braedt-empaque-200-g/123541808,CATG10118,Jamón Pizzero e Inglés,J0501011307,67.9,67.9,67.9,,False,True,PEN,,0,"https://media.tottus.com.pe/tottusPE/10166589_1/width=240,height=240,quality=70,format=webp,fit=pad",2026-05-03 20:31,Por TOTTUS,,False
113705728,113705729,,,Jamón de Pavita Braedt Balance Empaque 200 g,BRAEDT,Empaque 200 g,https://www.tottus.com.pe/tottus-pe/articulo/113705728/jamon-de-pavita-braedt-balance-empaque-200-g/113705729,https://www.tottus.com.pe/tottus-pe/articulo/113705728/jamon-de-pavita-braedt-balance-empaque-200-g/113705729,CATG10120,Jamón de Pavo y Pavita,J0501011302,11.6,11.6,11.6,,False,True,PEN,,0,"https://media.tottus.com.pe/tottusPE/41580366_1/width=240,height=240,quality=70,format=webp,fit=pad",2026-05-03 20:31,Por TOTTUS,,False
127359932,127359933,,,Jamón de Pechuga de Pavo Suiza Empaque 180 g,SUIZA,Empaque 180 g,https://www.tottus.com.pe/tottus-pe/articulo/127359932/jamon-de-pechuga-de-pavo-suiza-empaque-180-g/127359933,https://www.tottus.com.pe/tottus-pe/articulo/127359932/jamon-de-pechuga-de-pavo-suiza-empaque-180-g/127359933,CATG10120,Jamón de Pavo y Pavita,J0501011302,15.5,15.5,15.5,,False,True,PEN,,0,"https://media.tottus.com.pe/tottusPE/43227465_1/width=240,height=240,quality=70,format=webp,fit=pad",2026-05-03 20:31,Por TOTTUS,,False
135290483,135290486,,,Jamón de Pechuga de Pavo Casa Europa Empaque 200 g,CASA EUROPA,Empaque 200 g,https://www.tottus.com.pe/tottus-pe/articulo/135290483/jamon-de-pechuga-de-pavo-casa-europa-empaque-200-g/135290486,https://www.tottus.com.pe/tottus-pe/articulo/135290483/jamon-de-pechuga-de-pavo-casa-europa-empaque-200-g/135290486,CATG10120,Jamón de Pavo y Pavita,J0501011302,16.9,16.9,16.9,,False,True,PEN,,0,"https://media.tottus.com.pe/tottusPE/41495932_1/width=240,height=240,quality=70,format=webp,fit=pad",2026-05-03 20:31,Por TOTTUS,,False
126044028,126044029,,,Jamón de Pierna Ahumada Casa Europa x Kg,CASA EUROPA,Empaque 100 g Aprox.,https://www.tottus.com.pe/tottus-pe/articulo/126044028/jamon-de-pierna-ahumada-casa-europa-x-kg/126044029,https://www.tottus.com.pe/tottus-pe/articulo/126044028/jamon-de-pierna-ahumada-casa-europa-x-kg/126044029,CATG10120,Jamón de Pavo y Pavita,J0501011301,85.5,85.5,85.5,,False,True,PEN,,0,"https://media.tottus.com.pe/tottusPE/43197957_1/width=240,height=240,quality=70,format=webp,fit=pad",2026-05-03 20:31,Por TOTTUS,,False
123561790,123561791,,,Jamón Crocante Casa Europa x Kg,CASA EUROPA,Empaque 100 g Aprox.,https://www.tottus.com.pe/tottus-pe/articulo/123561790/jamon-crocante-casa-europa-x-kg/123561791,https://www.tottus.com.pe/tottus-pe/articulo/123561790/jamon-crocante-casa-europa-x-kg/123561791,CATG10120,Jamón de Pavo y Pavita,J0501011301,79.9,79.9,79.9,,False,True,PEN,,0,"https://media.tottus.com.pe/tottusPE/41001233_1/width=240,height=240,quality=70,format=webp,fit=pad",2026-05-03 20:31,Por TOTTUS,,False
125593593,125595597,,,Jamón de Pechuga de Pavo Casa Europa x Kg,CASA EUROPA,Empaque 100 g Aprox.,https://www.tottus.com.pe/tottus-pe/articulo/125593593/jamon-de-pechuga-de-pavo-casa-europa-x-kg/125595597,https://www.tottus.com.pe/tottus-pe/articulo/125593593/jamon-de-pechuga-de-pavo-casa-europa-x-kg/125595597,CATG10120,Jamón de Pavo y Pavita,J0501011302,82.5,82.5,82.5,,False,True,PEN,,0,"https://media.tottus.com.pe/tottusPE/41663461_1/width=240,height=240,quality=70,format=webp,fit=pad",2026-05-03 20:31,Por TOTTUS,,False
144752265,144752266,,,Jamón de Pechuga de Pavo La Genovesa con Aceite de Oliva Empaque 150 g,LA GENOVESA,Empaque 150 g,https://www.tottus.com.pe/tottus-pe/articulo/144752265/JAMON%20PECHUGA%20PAVO%20NAT%20AC%20OLIV%20X%20150G/144752266,https://www.tottus.com.pe/tottus-pe/articulo/144752265/JAMON%20PECHUGA%20PAVO%20NAT%20AC%20OLIV%20X%20150G/144752266,CATG10120,Jamón de Pavo y Pavita,J0501011302,14.5,14.5,14.5,,False,True,PEN,,0,"https://media.tottus.com.pe/tottusPE/43545500_1/width=240,height=240,quality=70,format=webp,fit=pad",2026-05-03 20:31,Por TOTTUS,,False
115813542,115813543,,,Jamón Pecho Pavita San Fernando 200 g,SAN FERNANDO,Envase 200 g,https://www.tottus.com.pe/tottus-pe/articulo/115813542/Jam%C3%B3n%20Pecho%20Pavita%20San%20Fernando%20200%20g/115813543,https://www.tottus.com.pe/tottus-pe/articulo/115813542/Jam%C3%B3n%20Pecho%20Pavita%20San%20Fernando%20200%20g/115813543,CATG10120,Jamón de Pavo y Pavita,J0501011302,13.9,13.9,13.9,,False,True,PEN,,0,"https://media.tottus.com.pe/tottusPE/40855761_1/width=240,height=240,quality=70,format=webp,fit=pad",2026-05-03 20:31,Por TOTTUS,,False
115776619,115776620,,,Jamón de Pavita Otto Kunz Empaque 200 g,OTTO KUNZ,Empaque 200 g,https://www.tottus.com.pe/tottus-pe/articulo/115776619/jamon-de-pavita-otto-kunz-empaque-200-g/115776620,https://www.tottus.com.pe/tottus-pe/articulo/115776619/jamon-de-pavita-otto-kunz-empaque-200-g/115776620,CATG10120,Jamón de Pavo y Pavita,J0501011302,14.9,14.9,14.9,,False,True,PEN,,0,,2026-05-03 20:31,Por TOTTUS,,False
116966674,116966676,,,Jamón de pavita San Fernando de 460 g,SAN FERNANDO,460 g,https://www.tottus.com.pe/tottus-pe/articulo/116966674/Jam%C3%B3n%20de%20pavita%20San%20Fernando%20de%20460%20g/116966676,https://www.tottus.com.pe/tottus-pe/articulo/116966674/Jam%C3%B3n%20de%20pavita%20San%20Fernando%20de%20460%20g/116966676,CATG10120,Jamón de Pavo y Pavita,J0501011302,22.5,22.5,22.5,,False,True,PEN,,0,,2026-05-03 20:31,Por TOTTUS,,False
113709953,113709954,,,Jamón de Pechuga de Pavo Braedt Balance Empaque 200 g,BRAEDT,Empaque 200 g,https://www.tottus.com.pe/tottus-pe/articulo/113709953/jamon-de-pechuga-de-pavo-braedt-balance-empaque-200-g/113709954,https://www.tottus.com.pe/tottus-pe/articulo/113709953/jamon-de-pechuga-de-pavo-braedt-balance-empaque-200-g/113709954,CATG10120,Jamón de Pavo y Pavita,J0501011302,16.5,16.5,16.5,,False,True,PEN,,0,,2026-05-03 20:31,Por TOTTUS,,False
115915923,115915924,,,Jamon Braseado Tottus 150 g,TOTTUS,Envase 150 g,https://www.tottus.com.pe/tottus-pe/articulo/115915923/Jamon%20Braseado%20Tottus%20150%20g/115915924,https://www.tottus.com.pe/tottus-pe/articulo/115915923/Jamon%20Braseado%20Tottus%20150%20g/115915924,CATG10120,Jamón de Pavo y Pavita,J0501011301,12.9,12.9,12.9,,False,True,PEN,,0,,2026-05-03 20:31,Por TOTTUS,,False
124384432,124384433,,,Jamón de Pechuga de Pavo Salchichería Alemana Empaque 200 g,SALCHICHERIA ALEMANA,Empaque 200 g,https://www.tottus.com.pe/tottus-pe/articulo/124384432/jamon-de-pechuga-de-pavo-salchicheria-alemana-200-gr/124384433,https://www.tottus.com.pe/tottus-pe/articulo/124384432/jamon-de-pechuga-de-pavo-salchicheria-alemana-200-gr/124384433,CATG10120,Jamón de Pavo y Pavita,J0501011302,16.9,13.9,13.9,17.8,True,True,PEN,,0,,2026-05-03 20:31,Por TOTTUS,,False
126043910,126043911,,,Jamón Artesano Casa Europa x Kg,CASA EUROPA,Empaque 100 g Aprox.,https://www.tottus.com.pe/tottus-pe/articulo/126043910/jamon-artesano-casa-europa-x-kg/126043911,https://www.tottus.com.pe/tottus-pe/articulo/126043910/jamon-artesano-casa-europa-x-kg/126043911,CATG10120,Jamón de Pavo y Pavita,J0501011301,87.5,87.5,87.5,,False,True,PEN,,0,,2026-05-03 20:31,Por TOTTUS,,False
124384438,124384441,,,Jamón de Pechuga de Pavo Ahumado Salchichería Alemana Empaque 200 g,SALCHICHERIA ALEMANA,Empaque 200 g,https://www.tottus.com.pe/tottus-pe/articulo/124384438/jamon-pechuga-de-pavo-ahumado-salchicheria-alemana-200gr/124384441,https://www.tottus.com.pe/tottus-pe/articulo/124384438/jamon-pechuga-de-pavo-ahumado-salchicheria-alemana-200gr/124384441,CATG10120,Jamón de Pavo y Pavita,J0501011302,17.9,17.9,17.9,,False,True,PEN,,0,,2026-05-03 20:31,Por TOTTUS,,False
113707258,113707259,,,Jamón Ahumado Pavita San Fernando 150 g,SAN FERNANDO,Empaque 150g,https://www.tottus.com.pe/tottus-pe/articulo/113707258/jamon-ahumado-pavita-san-fernando-150-g/113707259,https://www.tottus.com.pe/tottus-pe/articulo/113707258/jamon-ahumado-pavita-san-fernando-150-g/113707259,CATG10120,Jamón de Pavo y Pavita,J0501011302,11.5,10.5,10.5,8.7,True,True,PEN,,0,,2026-05-03 20:31,Por TOTTUS,,False
127976211,127976213,,,Jamón de Pavo Braedt Empaque 480 g,BRAEDT,Empaque 480 g,https://www.tottus.com.pe/tottus-pe/articulo/127976211/jamon-de-pavo-braedt-empaque-480-g/127976213,https://www.tottus.com.pe/tottus-pe/articulo/127976211/jamon-de-pavo-braedt-empaque-480-g/127976213,CATG10120,Jamón de Pavo y Pavita,J0501011302,20.5,20.5,20.5,,False,True,PEN,,0,"https://media.tottus.com.pe/tottusPE/43248357_1/width=240,height=240,quality=70,format=webp,fit=pad",2026-05-03 20:31,Por TOTTUS,,False
116966382,116966383,,,Jamón de Pavita San Fernando Empaque 200 g,SAN FERNANDO,Empaque 200 g,https://www.tottus.com.pe/tottus-pe/articulo/116966382/jamon-de-pavita-san-fernando-empaque-200-g/116966383,https://www.tottus.com.pe/tottus-pe/articulo/116966382/jamon-de-pavita-san-fernando-empaque-200-g/116966383,CATG10120,Jamón de Pavo y Pavita,J0501011302,10.2,10.2,10.2,,False,True,PEN,,0,"https://media.tottus.com.pe/tottusPE/42998834_1/width=240,height=240,quality=70,format=webp,fit=pad",2026-05-03 20:31,Por TOTTUS,,False
124384430,124384431,,,Jamonada Polaca Salchichería Alemana Empaque 200 g,SALCHICHERIA ALEMANA,Empaque 200 g,https://www.tottus.com.pe/tottus-pe/articulo/124384430/jamonada-polaca-salchicheria-alemana-empaque-200-g/124384431,https://www.tottus.com.pe/tottus-pe/articulo/124384430/jamonada-polaca-salchicheria-alemana-empaque-200-g/124384431,CATG10121,Jamonadas,J0501011401,8.4,8.4,8.4,,False,True,PEN,,0,"https://media.tottus.com.pe/tottusPE/43158065_1/width=240,height=240,quality=70,format=webp,fit=pad",2026-05-03 20:31,Por TOTTUS,,False
113710243,113710244,,,Jamonada Polaca Casa Europa Empaque 200 g,CASA EUROPA,Empaque 200 g,https://www.tottus.com.pe/tottus-pe/articulo/113710243/jamonada-polaca-casa-europa-empaque-200-g/113710244,https://www.tottus.com.pe/tottus-pe/articulo/113710243/jamonada-polaca-casa-europa-empaque-200-g/113710244,CATG10121,Jamonadas,J0501011401,10.2,6.6,6.6,35.3,True,True,PEN,,0,"https://media.tottus.com.pe/tottusPE/41526249_1/width=240,height=240,quality=70,format=webp,fit=pad",2026-05-03 20:31,Por TOTTUS,,False
125691759,125692150,,,Jamón de Pizza Otto Kunz Empaque 200 g,OTTO KUNZ,Empaque 200 g,https://www.tottus.com.pe/tottus-pe/articulo/125691759/Jam%C3%B3n%20de%20Pizza%20Otto%20Kunz%20Empaque%20200%20g/125692150,https://www.tottus.com.pe/tottus-pe/articulo/125691759/Jam%C3%B3n%20de%20Pizza%20Otto%20Kunz%20Empaque%20200%20g/125692150,CATG10121,Jamonadas,J0501011308,8.5,8.5,8.5,,False,True,PEN,,0,"https://media.tottus.com.pe/tottusPE/42097547_1/width=240,height=240,quality=70,format=webp,fit=pad",2026-05-03 20:31,Por TOTTUS,,False
151746039,151746040,,,Jamón de Savoie Maison Loste Empaque 100 g,LOSTE,Empaque 100 g,https://www.tottus.com.pe/tottus-pe/articulo/151746039/jamon-de-savoie-maison-loste-empaque-100-g/151746040,https://www.tottus.com.pe/tottus-pe/articulo/151746039/jamon-de-savoie-maison-loste-empaque-100-g/151746040,CATG10121,Jamonadas,J0501011401,39.9,39.9,39.9,,False,True,PEN,,0,"https://media.tottus.com.pe/tottusPE/43635611_1/width=240,height=240,quality=70,format=webp,fit=pad",2026-05-03 20:31,Por TOTTUS,,False
120785655,120785657,,,Jamonada con Pollo Suiza Pack 2 Empaques 200 g,SUIZA,Pack 2 Empaque 200 g,https://www.tottus.com.pe/tottus-pe/articulo/120785655/jamonada-con-pollo-suiza-pack-2-empaques-200-g/120785657,https://www.tottus.com.pe/tottus-pe/articulo/120785655/jamonada-con-pollo-suiza-pack-2-empaques-200-g/120785657,CATG10121,Jamonadas,J0501011401,9.9,8.9,8.9,10.1,True,True,PEN,,0,"https://media.tottus.com.pe/tottusPE/43098590_1/width=240,height=240,quality=70,format=webp,fit=pad",2026-05-03 20:31,Por TOTTUS,8.4,False
116233242,116233243,,,Jamón de Pavita Casa Europa Empaque 200 g,CASA EUROPA,Empaque 200 g,https://www.tottus.com.pe/tottus-pe/articulo/116233242/jamon-de-pavita-casa-europa-empaque-200-g/116233243,https://www.tottus.com.pe/tottus-pe/articulo/116233242/jamon-de-pavita-casa-europa-empaque-200-g/116233243,CATG10121,Jamonadas,J0501011302,14.9,14.9,14.9,,False,True,PEN,,0,"https://media.tottus.com.pe/tottusPE/41730119_1/width=240,height=240,quality=70,format=webp,fit=pad",2026-05-03 20:31,Por TOTTUS,,False
113713914,113713915,,,Chicharrón de Prensa Suiza Empaque 180 g,SUIZA,Empaque 180 g,https://www.tottus.com.pe/tottus-pe/articulo/113713914/chicharron-de-prensa-suiza-empaque-180-g/113713915,https://www.tottus.com.pe/tottus-pe/articulo/113713914/chicharron-de-prensa-suiza-empaque-180-g/113713915,CATG10121,Jamonadas,J0501011405,7.9,7.3,7.3,7.6,True,True,PEN,,0,"https://media.tottus.com.pe/tottusPE/42245840_1/width=240,height=240,quality=70,format=webp,fit=pad",2026-05-03 20:31,Por TOTTUS,6.9,False
149163284,149163285,,,Jamonada Bologna Otto Kunz Empaque 180 g,OTTO KUNZ,Empaque 180 g,https://www.tottus.com.pe/tottus-pe/articulo/149163284/jamonada-bologna-otto-kunz-empaque-180-g/149163285,https://www.tottus.com.pe/tottus-pe/articulo/149163284/jamonada-bologna-otto-kunz-empaque-180-g/149163285,CATG10121,Jamonadas,J0501011401,5.9,5.9,5.9,,False,True,PEN,,0,"https://media.tottus.com.pe/tottusPE/43596715_1/width=240,height=240,quality=70,format=webp,fit=pad",2026-05-03 20:31,Por TOTTUS,,False
149163291,149163293,,,Queso de Chancho Otto Kunz Empaque 180 g,OTTO KUNZ,Empaque 180 g,https://www.tottus.com.pe/tottus-pe/articulo/149163291/queso-de-chancho-otto-kunz-empaque-180-g/149163293,https://www.tottus.com.pe/tottus-pe/articulo/149163291/queso-de-chancho-otto-kunz-empaque-180-g/149163293,CATG10121,Jamonadas,J0501011405,5.9,5.9,5.9,,False,True,PEN,,0,,2026-05-03 20:31,Por TOTTUS,,False
149163277,149163278,,,Jamonada Especial Otto Kunz Empaque 180 g,OTTO KUNZ,Empaque 180 g,https://www.tottus.com.pe/tottus-pe/articulo/149163277/jamonada-especial-otto-kunz-empaque-180-g/149163278,https://www.tottus.com.pe/tottus-pe/articulo/149163277/jamonada-especial-otto-kunz-empaque-180-g/149163278,CATG10121,Jamonadas,J0501011401,5.9,5.9,5.9,,False,True,PEN,,0,,2026-05-03 20:31,Por TOTTUS,,False
149163264,149163265,,,Jamonada Polaca Otto Kunz Empaque 180 g,OTTO KUNZ,Empaque 180 g,https://www.tottus.com.pe/tottus-pe/articulo/149163264/jamonada-polaca-otto-kunz-empaque-180-g/149163265,https://www.tottus.com.pe/tottus-pe/articulo/149163264/jamonada-polaca-otto-kunz-empaque-180-g/149163265,CATG10121,Jamonadas,J0501011401,7.9,7.9,7.9,,False,True,PEN,,0,,2026-05-03 20:31,Por TOTTUS,,False
120468366,120468367,,,Jamonada de Pollo Suiza Empaque 200 g,SUIZA,Empaque 200 g,https://www.tottus.com.pe/tottus-pe/articulo/120468366/jamonada-de-pollo-suiza-empaque-200-g/120468367,https://www.tottus.com.pe/tottus-pe/articulo/120468366/jamonada-de-pollo-suiza-empaque-200-g/120468367,CATG10121,Jamonadas,J0501011403,5.2,4.9,4.9,5.8,True,True,PEN,,0,,2026-05-03 20:31,Por TOTTUS,4.6,False
113708284,113708285,,,Jamonada Especial Suiza Empaque 200 g,SUIZA,Empaque 200 g,https://www.tottus.com.pe/tottus-pe/articulo/113708284/jamonada-especial-suiza-empaque-200-g/113708285,https://www.tottus.com.pe/tottus-pe/articulo/113708284/jamonada-especial-suiza-empaque-200-g/113708285,CATG10121,Jamonadas,J0501011401,6.2,5.9,5.9,4.8,True,True,PEN,,0,,2026-05-03 20:31,Por TOTTUS,5.6,False
113713565,113713566,,,Jamonada Especial Suiza Empaque 100 g,SUIZA,Empaque 100 g,https://www.tottus.com.pe/tottus-pe/articulo/113713565/jamonada-especial-suiza-empaque-100-g/113713566,https://www.tottus.com.pe/tottus-pe/articulo/113713565/jamonada-especial-suiza-empaque-100-g/113713566,CATG10121,Jamonadas,J0501011401,3.2,3.2,3.2,,False,True,PEN,,0,,2026-05-03 20:31,Por TOTTUS,,False
113929350,113929351,,,Jamonada de Pavita San Fernando Empaque 85 g,SAN FERNANDO,Empaque 85 g,https://www.tottus.com.pe/tottus-pe/articulo/113929350/jamonada-de-pavita-san-fernando-empaque-85-g/113929351,https://www.tottus.com.pe/tottus-pe/articulo/113929350/jamonada-de-pavita-san-fernando-empaque-85-g/113929351,CATG10121,Jamonadas,J0501011402,2.5,2.3,2.3,8.0,True,True,PEN,,0,,2026-05-03 20:31,Por TOTTUS,,False
113929838,113929839,,,Chicharrón de Prensa Casa Europa Empaque 200 g,CASA EUROPA,Empaque 200 g,https://www.tottus.com.pe/tottus-pe/articulo/113929838/chicharron-de-prensa-casa-europa-empaque-200-g/113929839,https://www.tottus.com.pe/tottus-pe/articulo/113929838/chicharron-de-prensa-casa-europa-empaque-200-g/113929839,CATG10121,Jamonadas,J0501011405,10.5,10.5,10.5,,False,True,PEN,,0,"https://media.tottus.com.pe/tottusPE/41778539_1/width=240,height=240,quality=70,format=webp,fit=pad",2026-05-03 20:31,Por TOTTUS,,False
146718510,146718511,,,Jamonada Especial San Fernando Empaque 200 g,SAN FERNANDO,Empaque 200 g,https://www.tottus.com.pe/tottus-pe/articulo/146718510/jamonada-especial-pq-200g-san-fernando/146718511,https://www.tottus.com.pe/tottus-pe/articulo/146718510/jamonada-especial-pq-200g-san-fernando/146718511,CATG10121,Jamonadas,J0501011403,6.9,6.9,6.9,,False,True,PEN,,0,"https://media.tottus.com.pe/tottusPE/43564289_1/width=240,height=240,quality=70,format=webp,fit=pad",2026-05-03 20:31,Por TOTTUS,,False
113714882,113714883,,,Jamón Crocante Casa Europa Empaque 200 g,CASA EUROPA,Empaque 200 g,https://www.tottus.com.pe/tottus-pe/articulo/113714882/jamon-crocante-casa-europa-empaque-200-g/113714883,https://www.tottus.com.pe/tottus-pe/articulo/113714882/jamon-crocante-casa-europa-empaque-200-g/113714883,CATG10121,Jamonadas,J0501011301,19.2,15.36,15.36,20.0,True,True,PEN,,0,"https://media.tottus.com.pe/tottusPE/40904483_1/width=240,height=240,quality=70,format=webp,fit=pad",2026-05-03 20:31,Por TOTTUS,,False
118937819,118937820,,,Jamonada Tottus de Pollo Empaque 200 g,TOTTUS,Empaque 200 g,https://www.tottus.com.pe/tottus-pe/articulo/118937819/jamonada-tottus-de-pollo-empaque-200-g/118937820,https://www.tottus.com.pe/tottus-pe/articulo/118937819/jamonada-tottus-de-pollo-empaque-200-g/118937820,CATG10121,Jamonadas,J0501011403,4.0,4.0,4.0,,False,True,PEN,,0,"https://media.tottus.com.pe/tottusPE/42842291_1/width=240,height=240,quality=70,format=webp,fit=pad",2026-05-03 20:31,Por TOTTUS,,False
146718449,146718450,,,Jamonada de Pollo San Fernando Empaque 200 g,SAN FERNANDO,Empaque 200 g,https://www.tottus.com.pe/tottus-pe/articulo/146718449/jamonada-de-pollo-san-fernando-empaque-200-g/146718450,https://www.tottus.com.pe/tottus-pe/articulo/146718449/jamonada-de-pollo-san-fernando-empaque-200-g/146718450,CATG10121,Jamonadas,J0501011403,5.1,3.5,3.5,31.4,True,True,PEN,,0,"https://media.tottus.com.pe/tottusPE/43564287_1/width=240,height=240,quality=70,format=webp,fit=pad",2026-05-03 20:31,Por TOTTUS,,False
118937831,118937832,,,Chicharrón de Prensa Tottus Empaque 100 g,TOTTUS,Empaque 100 g,https://www.tottus.com.pe/tottus-pe/articulo/118937831/chicharron-de-prensa-tottus-empaque-100-g/118937832,https://www.tottus.com.pe/tottus-pe/articulo/118937831/chicharron-de-prensa-tottus-empaque-100-g/118937832,CATG10121,Jamonadas,J0501011405,2.9,2.8,2.8,3.4,True,True,PEN,,0,"https://media.tottus.com.pe/tottusPE/42842295_1/width=240,height=240,quality=70,format=webp,fit=pad",2026-05-03 20:31,Por TOTTUS,,False
113708991,113708992,,,Jamonada Polaca Otto Kunz Empaque 100 g,OTTO KUNZ,Empaque 100 g,https://www.tottus.com.pe/tottus-pe/articulo/113708991/jamonada-polaca-otto-kunz-empaque-100-g/113708992,https://www.tottus.com.pe/tottus-pe/articulo/113708991/jamonada-polaca-otto-kunz-empaque-100-g/113708992,CATG10121,Jamonadas,J0501011401,5.5,4.8,4.8,12.7,True,True,PEN,,0,"https://media.tottus.com.pe/tottusPE/41210154_1/width=240,height=240,quality=70,format=webp,fit=pad",2026-05-03 20:31,Por TOTTUS,,False
113706493,113706494,,,Pack Jamonada de Pollo y Queso Edam Empaque 180 g,BRAEDT,Empaque 180 g,https://www.tottus.com.pe/tottus-pe/articulo/113706493/pack-jamonada-de-pollo-y-queso-edam-empaque-180-g/113706494,https://www.tottus.com.pe/tottus-pe/articulo/113706493/pack-jamonada-de-pollo-y-queso-edam-empaque-180-g/113706494,CATG10121,Jamonadas,J0501011407,8.5,8.5,8.5,,False,True,PEN,,0,"https://media.tottus.com.pe/tottusPE/41753453_1/width=240,height=240,quality=70,format=webp,fit=pad",2026-05-03 20:31,Por TOTTUS,,False
127976212,127976215,,,Chicharrón de Prensa Braedt Empaque 170 g,BRAEDT,Empaque 170 g,https://www.tottus.com.pe/tottus-pe/articulo/127976212/chicharron-prensa-braedt-170-g/127976215,https://www.tottus.com.pe/tottus-pe/articulo/127976212/chicharron-prensa-braedt-170-g/127976215,CATG10121,Jamonadas,J0501011405,7.9,6.3,6.3,20.3,True,True,PEN,,0,"https://media.tottus.com.pe/tottusPE/43248356_1/width=240,height=240,quality=70,format=webp,fit=pad",2026-05-03 20:31,Por TOTTUS,,False
144942676,144942677,,,Leche UHT Sin Lactosa Gloria Zero Lacto Pack 3 Cajas 946 mL,GLORIA,Pack 3 Cajas 946 mL,https://www.tottus.com.pe/tottus-pe/articulo/144942676/leche-uht-sin-lactosa-gloria-zero-lacto-pack-3-cajas-946-ml/144942677,https://www.tottus.com.pe/tottus-pe/articulo/144942676/leche-uht-sin-lactosa-gloria-zero-lacto-pack-3-cajas-946-ml/144942677,CATG10124,Leche sin Lactosa,J0101070503,18.3,15.5,15.5,15.3,True,True,PEN,,0,"https://media.tottus.com.pe/tottusPE/43548145_1/width=240,height=240,quality=70,format=webp,fit=pad",2026-05-03 20:31,Por TOTTUS,14.9,False
113705685,113705686,,,Mezcla Láctea Laive Sin Lactosa Sixpack Caja 480 g,LAIVE,Sixpack Caja 480 g,https://www.tottus.com.pe/tottus-pe/articulo/113705685/mezcla-lactea-laive-sin-lactosa-sixpack-caja-480-g/113705686,https://www.tottus.com.pe/tottus-pe/articulo/113705685/mezcla-lactea-laive-sin-lactosa-sixpack-caja-480-g/113705686,CATG10124,Leche sin Lactosa,J0101070404,23.4,21.9,21.9,6.4,True,True,PEN,,0,"https://media.tottus.com.pe/tottusPE/42454832_1/width=240,height=240,quality=70,format=webp,fit=pad",2026-05-03 20:31,Por TOTTUS,,False
126990821,126990822,,,Leche Laive Light Sin Lactosa Pack 4 Cajas 946 mL,LAIVE,Pack 4 Cajas 946 mL,https://www.tottus.com.pe/tottus-pe/articulo/126990821/leche-laive-light-sin-lactosa-pack-4-cajas-946-ml/126990822,https://www.tottus.com.pe/tottus-pe/articulo/126990821/leche-laive-light-sin-lactosa-pack-4-cajas-946-ml/126990822,CATG10124,Leche sin Lactosa,J0101070505,23.1,22.5,22.5,2.6,True,True,PEN,,0,"https://media.tottus.com.pe/tottusPE/43220573_2/width=240,height=240,quality=70,format=webp,fit=pad",2026-05-03 20:31,Por TOTTUS,,False
148088358,148088361,,,Leche Light Gloria Zero Lacto Lata 390 g,GLORIA,Lata 390 g,https://www.tottus.com.pe/tottus-pe/articulo/148088358/leche-light-gloria-zero-lacto-lata-390-g/148088361,https://www.tottus.com.pe/tottus-pe/articulo/148088358/leche-light-gloria-zero-lacto-lata-390-g/148088361,CATG10124,Leche sin Lactosa,J0101070406,4.5,4.5,4.5,,False,True,PEN,,0,"https://media.tottus.com.pe/tottusPE/43583535_1/width=240,height=240,quality=70,format=webp,fit=pad",2026-05-03 20:31,Por TOTTUS,,False
122584933,122584934,,,Leche Laive Sin Lactosa Sixpack Botella 390 g,LAIVE,Sixpack Botella 390 g,https://www.tottus.com.pe/tottus-pe/articulo/122584933/leche-laive-sin-lactosa-sixpack-botella-390-g/122584934,https://www.tottus.com.pe/tottus-pe/articulo/122584933/leche-laive-sin-lactosa-sixpack-botella-390-g/122584934,CATG10124,Leche sin Lactosa,J0101070407,24.4,22.0,22.0,9.8,True,True,PEN,,0,"https://media.tottus.com.pe/tottusPE/43125576_2/width=240,height=240,quality=70,format=webp,fit=pad",2026-05-03 20:31,Por TOTTUS,,False
129087750,129087754,,,Leche Gloria Zero Lacto Sin Lactosa Lata 390 g,GLORIA,Lata 390 g,https://www.tottus.com.pe/tottus-pe/articulo/129087750/leche-gloria-zero-lacto-sin-lactosa-lata-390-g/129087754,https://www.tottus.com.pe/tottus-pe/articulo/129087750/leche-gloria-zero-lacto-sin-lactosa-lata-390-g/129087754,CATG10124,Leche sin Lactosa,J0101070404,4.5,4.5,4.5,,False,True,PEN,,0,"https://media.tottus.com.pe/tottusPE/43273656_1/width=240,height=240,quality=70,format=webp,fit=pad",2026-05-03 20:31,Por TOTTUS,,False
126990865,126990866,,,Leche Laive Sin Lactosa Pack 4 Cajas 946 mL,LAIVE,Pack 4 Cajas 946 mL,https://www.tottus.com.pe/tottus-pe/articulo/126990865/leche-laive-sin-lactosa-pack-4-cajas-946-ml/126990866,https://www.tottus.com.pe/tottus-pe/articulo/126990865/leche-laive-sin-lactosa-pack-4-cajas-946-ml/126990866,CATG10124,Leche sin Lactosa,J0101070502,24.5,21.9,21.9,10.6,True,True,PEN,,0,"https://media.tottus.com.pe/tottusPE/43220576_2/width=240,height=240,quality=70,format=webp,fit=pad",2026-05-03 20:31,Por TOTTUS,,False
130135916,130135919,,,Leche Laive Sin Lactosa Sixpack Botella 390 g,LAIVE,Sixpack Botella 390 g,https://www.tottus.com.pe/tottus-pe/articulo/130135916/leche-laive-sin-lactosa-sixpack-botella-390-g/130135919,https://www.tottus.com.pe/tottus-pe/articulo/130135916/leche-laive-sin-lactosa-sixpack-botella-390-g/130135919,CATG10124,Leche sin Lactosa,J0101070404,25.1,22.5,22.5,10.4,True,True,PEN,,0,"https://media.tottus.com.pe/tottusPE/43314212_2/width=240,height=240,quality=70,format=webp,fit=pad",2026-05-03 20:31,Por TOTTUS,,False
144942899,144942900,,,Leche UHT Sin Lactosa Gloria Zero Lacto Caja 946 mL,GLORIA,Caja 946 mL,https://www.tottus.com.pe/tottus-pe/articulo/144942899/leche-uht-sin-lactosa-gloria-zero-lacto-caja-946-ml/144942900,https://www.tottus.com.pe/tottus-pe/articulo/144942899/leche-uht-sin-lactosa-gloria-zero-lacto-caja-946-ml/144942900,CATG10124,Leche sin Lactosa,J0101070503,6.2,5.8,5.8,6.5,True,True,PEN,,0,,2026-05-03 20:31,Por TOTTUS,,False
122585079,122585081,,,Leche Laive Light Sin Lactosa Botella 390 g,LAIVE,Botella 390 g,https://www.tottus.com.pe/tottus-pe/articulo/122585079/leche-laive-light-sin-lactosa-botella-390-g/122585081,https://www.tottus.com.pe/tottus-pe/articulo/122585079/leche-laive-light-sin-lactosa-botella-390-g/122585081,CATG10124,Leche sin Lactosa,J0101070407,4.5,4.5,4.5,,False,True,PEN,,0,,2026-05-03 20:31,Por TOTTUS,,False
129087764,129087768,,,Leche Gloria Zero Lacto Sixpack Lata 390 g,GLORIA,Sixpack Lata 390 g,https://www.tottus.com.pe/tottus-pe/articulo/129087764/leche-gloria-zero-lacto-sixpack-lata-390-g/129087768,https://www.tottus.com.pe/tottus-pe/articulo/129087764/leche-gloria-zero-lacto-sixpack-lata-390-g/129087768,CATG10124,Leche sin Lactosa,J0101070404,25.8,23.4,23.4,9.3,True,True,PEN,,0,,2026-05-03 20:31,Por TOTTUS,,False
125379275,125379282,,,Mezcla Láctea Laive Light Sin Lactosa Sixpack Caja 480 g,LAIVE,Sixpack Caja 480 g,https://www.tottus.com.pe/tottus-pe/articulo/125379275/mezcla-lactea-laive-light-sin-lactosa-sixpack-caja-480-g/125379282,https://www.tottus.com.pe/tottus-pe/articulo/125379275/mezcla-lactea-laive-light-sin-lactosa-sixpack-caja-480-g/125379282,CATG10124,Leche sin Lactosa,J0101070407,23.5,23.5,23.5,,False,True,PEN,,0,,2026-05-03 20:31,Por TOTTUS,,False
129087762,129087767,,,Leche Gloria Zero Lacto Sixpack Lata 170 g,GLORIA,Sixpack Lata 170 g,https://www.tottus.com.pe/tottus-pe/articulo/129087762/leche-gloria-zero-lacto-sixpack-lata-170-g/129087767,https://www.tottus.com.pe/tottus-pe/articulo/129087762/leche-gloria-zero-lacto-sixpack-lata-170-g/129087767,CATG10124,Leche sin Lactosa,J0101070404,14.9,14.9,14.9,,False,True,PEN,,0,,2026-05-03 20:31,Por TOTTUS,,False
151911831,151911833,,,Yogurt Deslactosado Danlac Pera y Manzana Botella 900 g,DANLAC,Botella 900 g,https://www.tottus.com.pe/tottus-pe/articulo/151911831/yogurt-deslactosado-danlac-pera-y-manzana-botella-900-g/151911833,https://www.tottus.com.pe/tottus-pe/articulo/151911831/yogurt-deslactosado-danlac-pera-y-manzana-botella-900-g/151911833,CATG10124,Leche sin Lactosa,J0502050202,14.5,12.9,12.9,11.0,True,True,PEN,,0,,2026-05-03 20:31,Por TOTTUS,12.2,False
151052040,151052043,,,Leche Sin Lactosa Laive Bolsa 800 mL,LAIVE,Bolsa 800 mL,https://www.tottus.com.pe/tottus-pe/articulo/151052040/leche-sin-lactosa-laive-bolsa-800ml/151052043,https://www.tottus.com.pe/tottus-pe/articulo/151052040/leche-sin-lactosa-laive-bolsa-800ml/151052043,CATG10124,Leche sin Lactosa,J0502010202,5.3,5.3,5.3,,False,True,PEN,,0,,2026-05-03 20:31,Por TOTTUS,,False
130135918,130135921,,,Leche Laive Sin Lactosa Botella 390 g,LAIVE,Botella 390 g,https://www.tottus.com.pe/tottus-pe/articulo/130135918/leche-laive-sin-lactosa-botella-390-g/130135921,https://www.tottus.com.pe/tottus-pe/articulo/130135918/leche-laive-sin-lactosa-botella-390-g/130135921,CATG10124,Leche sin Lactosa,J0101070404,4.5,4.5,4.5,,False,True,PEN,,0,,2026-05-03 20:31,Por TOTTUS,,False
126990811,126990812,,,Leche Laive Light Sin Lactosa Caja 946 mL,LAIVE,Caja 946 mL,https://www.tottus.com.pe/tottus-pe/articulo/126990811/leche-laive-light-sin-lactosa-caja-946-ml/126990812,https://www.tottus.com.pe/tottus-pe/articulo/126990811/leche-laive-light-sin-lactosa-caja-946-ml/126990812,CATG10124,Leche sin Lactosa,J0101070505,6.4,5.9,5.9,7.8,True,True,PEN,,0,"https://media.tottus.com.pe/tottusPE/43220570_2/width=240,height=240,quality=70,format=webp,fit=pad",2026-05-03 20:31,Por TOTTUS,,False
115929943,115929944,,,Bonito Entero Congelado x Kg,TOTTUS,3 Kg Aprox,https://www.tottus.com.pe/tottus-pe/articulo/115929943/bonito-entero-congelado-x-kg/115929944,https://www.tottus.com.pe/tottus-pe/articulo/115929943/bonito-entero-congelado-x-kg/115929944,CATG10137,Enteros,J0302010208,8.9,7.9,7.9,11.2,True,True,PEN,,0,"https://media.tottus.com.pe/tottusPE/40470852_1/width=240,height=240,quality=70,format=webp,fit=pad",2026-05-03 20:32,Por TOTTUS,,False
113714931,113714932,,,Trucha Entera Eviscerada Congelada Tottus,TOTTUS,Empaque 700 g,https://www.tottus.com.pe/tottus-pe/articulo/113714931/trucha-entera-eviscerada-congelada-tottus/113714932,https://www.tottus.com.pe/tottus-pe/articulo/113714931/trucha-entera-eviscerada-congelada-tottus/113714932,CATG10137,Enteros,J0302010117,25.9,25.9,25.9,,False,True,PEN,,0,"https://media.tottus.com.pe/tottusPE/42045574_1/width=240,height=240,quality=70,format=webp,fit=pad",2026-05-03 20:32,Por TOTTUS,,False
115841152,115841153,,,Filete de Trucha Tottus,TOTTUS,Empaque 500 g,https://www.tottus.com.pe/tottus-pe/articulo/115841152/filete-de-trucha-tottus/115841153,https://www.tottus.com.pe/tottus-pe/articulo/115841152/filete-de-trucha-tottus/115841153,CATG10138,Pescados,J0302010117,29.9,26.9,26.9,10.0,True,True,PEN,,0,"https://media.tottus.com.pe/tottusPE/42029453_1/width=240,height=240,quality=70,format=webp,fit=pad",2026-05-03 20:32,Por TOTTUS,,False
147142533,147142535,,,Merluza Filete Sin Piel x 500 g,SEAFROST,Empaque 500 g,https://www.tottus.com.pe/tottus-pe/articulo/147142533/merluza-filete-sin-piel-x-500-g/147142535,https://www.tottus.com.pe/tottus-pe/articulo/147142533/merluza-filete-sin-piel-x-500-g/147142535,CATG10138,Pescados,J0302010108,14.9,14.9,14.9,,False,True,PEN,,0,"https://media.tottus.com.pe/tottusPE/43567347_1/width=240,height=240,quality=70,format=webp,fit=pad",2026-05-03 20:32,Por TOTTUS,,False
147142531,147142532,,,Skin Pejerrey Filete x 450 g,SEAFROST,Empaque 450 g,https://www.tottus.com.pe/tottus-pe/articulo/147142531/skin-pejerrey-filete-x450gr/147142532,https://www.tottus.com.pe/tottus-pe/articulo/147142531/skin-pejerrey-filete-x450gr/147142532,CATG10138,Pescados,J0302010127,20.9,20.9,20.9,,False,True,PEN,,0,"https://media.tottus.com.pe/tottusPE/43567345_1/width=240,height=240,quality=70,format=webp,fit=pad",2026-05-03 20:32,Por TOTTUS,,False
115986109,115986110,,,Filete De Swai Sin Piel Tottus 500 g,TOTTUS,500 g Aprox,https://www.tottus.com.pe/tottus-pe/articulo/115986109/filete-de-swai-sin-piel-tottus-500-g/115986110,https://www.tottus.com.pe/tottus-pe/articulo/115986109/filete-de-swai-sin-piel-tottus-500-g/115986110,CATG10138,Pescados,J0302010130,15.9,13.5,13.5,15.1,True,True,PEN,,0,"https://media.tottus.com.pe/tottusPE/41132055_1/width=240,height=240,quality=70,format=webp,fit=pad",2026-05-03 20:32,Por TOTTUS,12.5,False
116233970,116233971,,,Porciones De Salmón x 500 g,VADIMAR,Empaque 500 g,https://www.tottus.com.pe/tottus-pe/articulo/116233970/porciones-de-salmon-x-500-g/116233971,https://www.tottus.com.pe/tottus-pe/articulo/116233970/porciones-de-salmon-x-500-g/116233971,CATG10138,Pescados,J0302010113,51.9,44.9,44.9,13.5,True,True,PEN,,0,"https://media.tottus.com.pe/tottusPE/41867511_2/width=240,height=240,quality=70,format=webp,fit=pad",2026-05-03 20:32,Por TOTTUS,39.5,False
147828634,147828635,,,Filete De Bonito Con Piel x Kg,SEAFROST,Empaque 1 Kg Aprox,https://www.tottus.com.pe/tottus-pe/articulo/147828634/filete-de-bonito-con-piel-x-kg/147828635,https://www.tottus.com.pe/tottus-pe/articulo/147828634/filete-de-bonito-con-piel-x-kg/147828635,CATG10138,Pescados,J0302010128,23.0,20.5,20.5,10.9,True,True,PEN,,0,"https://media.tottus.com.pe/tottusPE/43573495_1/width=240,height=240,quality=70,format=webp,fit=pad",2026-05-03 20:32,Por TOTTUS,,False
133006882,133006885,,,Filete Salmón Salvaje Congelado x Kg,SEAFROST,500 g Aprox,https://www.tottus.com.pe/tottus-pe/articulo/133006882/filete-salmon-salvaje-congelado-x-kg/133006885,https://www.tottus.com.pe/tottus-pe/articulo/133006882/filete-salmon-salvaje-congelado-x-kg/133006885,CATG10138,Pescados,J0302010113,49.9,49.9,49.9,,False,True,PEN,,0,"https://media.tottus.com.pe/tottusPE/43366771_1/width=240,height=240,quality=70,format=webp,fit=pad",2026-05-03 20:32,Por TOTTUS,,False
115808954,115808957,,,Porciones De Bonito Tottus 500 g,TOTTUS,Empaque 500 g,https://www.tottus.com.pe/tottus-pe/articulo/115808954/porciones-de-bonito-tottus-500-g/115808957,https://www.tottus.com.pe/tottus-pe/articulo/115808954/porciones-de-bonito-tottus-500-g/115808957,CATG10138,Pescados,J0302010128,12.9,12.9,12.9,,False,True,PEN,,0,"https://media.tottus.com.pe/tottusPE/42129501_2/width=240,height=240,quality=70,format=webp,fit=pad",2026-05-03 20:32,Por TOTTUS,,False
115844353,115844354,,,Filete De Basa Tottus 1 kg,TOTTUS,Empaque 1 kg,https://www.tottus.com.pe/tottus-pe/articulo/115844353/filete-de-basa-tottus-1-kg/115844354,https://www.tottus.com.pe/tottus-pe/articulo/115844353/filete-de-basa-tottus-1-kg/115844354,CATG10138,Pescados,J0302010130,15.9,14.9,14.9,6.3,True,True,PEN,,0,"https://media.tottus.com.pe/tottusPE/41871738_1/width=240,height=240,quality=70,format=webp,fit=pad",2026-05-03 20:32,Por TOTTUS,,False
115836166,115836167,,,Porciones De Trucha Tottus 500 g,TOTTUS,Empaque 500 g,https://www.tottus.com.pe/tottus-pe/articulo/115836166/porciones-de-trucha-tottus-500-g/115836167,https://www.tottus.com.pe/tottus-pe/articulo/115836166/porciones-de-trucha-tottus-500-g/115836167,CATG10138,Pescados,J0302010117,29.9,29.9,29.9,,False,True,PEN,,0,"https://media.tottus.com.pe/tottusPE/42129502_1/width=240,height=240,quality=70,format=webp,fit=pad",2026-05-03 20:32,Por TOTTUS,,False
149416366,149416367,,,Atún Cubos Con 1 Salsa Masaki Ponzu x Un,UMI FOODS,Empaque 280 g,https://www.tottus.com.pe/tottus-pe/articulo/149416366/atun-cubos-con-1-salsa-masaki-ponzu-x-un/149416367,https://www.tottus.com.pe/tottus-pe/articulo/149416366/atun-cubos-con-1-salsa-masaki-ponzu-x-un/149416367,CATG10138,Pescados,J0302010129,24.9,24.9,24.9,,False,True,PEN,,0,"https://media.tottus.com.pe/tottusPE/43597525_1/width=240,height=240,quality=70,format=webp,fit=pad",2026-05-03 20:32,Por TOTTUS,,False
149416385,149416387,,,Atún Cubos Con 1 Aliño Nikkei x Un,UMI FOODS,Empaque 280 g,https://www.tottus.com.pe/tottus-pe/articulo/149416385/atun-cubos-con-1-alino-nikkei-x-un/149416387,https://www.tottus.com.pe/tottus-pe/articulo/149416385/atun-cubos-con-1-alino-nikkei-x-un/149416387,CATG10138,Pescados,J0302010129,24.9,24.9,24.9,,False,True,PEN,,0,"https://media.tottus.com.pe/tottusPE/43597526_1/width=240,height=240,quality=70,format=webp,fit=pad",2026-05-03 20:32,Por TOTTUS,,False
144414913,144414914,,,Medallones De Pez Espada Congelados x 500 g,UMI FOODS,Empaque 500 g,https://www.tottus.com.pe/tottus-pe/articulo/144414913/Medallones%20De%20Pez%20Espada%20Congelados%20x%20500%20g/144414914,https://www.tottus.com.pe/tottus-pe/articulo/144414913/Medallones%20De%20Pez%20Espada%20Congelados%20x%20500%20g/144414914,CATG10138,Pescados,J0302010103,37.9,27.9,27.9,26.4,True,True,PEN,,0,"https://media.tottus.com.pe/tottusPE/43534986_1/width=240,height=240,quality=70,format=webp,fit=pad",2026-05-03 20:32,Por TOTTUS,,False
144474435,144474436,,,Skin Atún Porciones Congelado x Kg,SEAFROST,Empaque 1 Kg Aprox,https://www.tottus.com.pe/tottus-pe/articulo/144474435/skin-atun-porciones-congelado-x-kg/144474436,https://www.tottus.com.pe/tottus-pe/articulo/144474435/skin-atun-porciones-congelado-x-kg/144474436,CATG10138,Pescados,J0302010129,55.9,37.9,37.9,32.2,True,True,PEN,,0,"https://media.tottus.com.pe/tottusPE/43536188_1/width=240,height=240,quality=70,format=webp,fit=pad",2026-05-03 20:32,Por TOTTUS,,False
144414917,144414918,,,Salmón Porciones Bolsa 1 Kg,UMI FOODS,Bolsa 1 Kg,https://www.tottus.com.pe/tottus-pe/articulo/144414917/salmon-porciones-bolsa-1-kg/144414918,https://www.tottus.com.pe/tottus-pe/articulo/144414917/salmon-porciones-bolsa-1-kg/144414918,CATG10138,Pescados,J0302010113,59.9,59.9,59.9,,False,True,PEN,,0,"https://media.tottus.com.pe/tottusPE/43534987_1/width=240,height=240,quality=70,format=webp,fit=pad",2026-05-03 20:32,Por TOTTUS,,False
144414915,144414916,,,Salmón Porción Congelado Bolsa 500 g,UMI FOODS,Bolsa 500 g,https://www.tottus.com.pe/tottus-pe/articulo/144414915/salmon-porcion-congelado-bolsa-500-g/144414916,https://www.tottus.com.pe/tottus-pe/articulo/144414915/salmon-porcion-congelado-bolsa-500-g/144414916,CATG10138,Pescados,J0302010113,55.9,55.9,55.9,,False,True,PEN,,0,"https://media.tottus.com.pe/tottusPE/43534988_1/width=240,height=240,quality=70,format=webp,fit=pad",2026-05-03 20:32,Por TOTTUS,,False
127223836,127223837,,,Filetes de Tilapia Apanados,SANTA PRISCILA,Caja 454 g,https://www.tottus.com.pe/tottus-pe/articulo/127223836/filetes-de-tilapia-apanados/127223837,https://www.tottus.com.pe/tottus-pe/articulo/127223836/filetes-de-tilapia-apanados/127223837,CATG10138,Pescados,J0302010104,30.9,30.9,30.9,,False,True,PEN,,0,"https://media.tottus.com.pe/tottusPE/43225771_1/width=240,height=240,quality=70,format=webp,fit=pad",2026-05-03 20:32,Por TOTTUS,,False
115808934,115808935,,,Filete de Tilapia x kg,TOTTUS,500 g Aprox,https://www.tottus.com.pe/tottus-pe/articulo/115808934/filete-de-tilapia-x-kg/115808935,https://www.tottus.com.pe/tottus-pe/articulo/115808934/filete-de-tilapia-x-kg/115808935,CATG10138,Pescados,J0302010374,24.9,17.9,17.9,28.1,True,True,PEN,,0,"https://media.tottus.com.pe/tottusPE/40134536_1/width=240,height=240,quality=70,format=webp,fit=pad",2026-05-03 20:32,Por TOTTUS,16.9,False
115814225,115814226,,,Medallones De Atún Sin Piel Tottus Premium 600 g,TOTTUS PREMIUM,Empaque 600 g,https://www.tottus.com.pe/tottus-pe/articulo/115814225/medallones-de-atun-sin-piel-tottus-premium-600-g/115814226,https://www.tottus.com.pe/tottus-pe/articulo/115814225/medallones-de-atun-sin-piel-tottus-premium-600-g/115814226,CATG10138,Pescados,J0302010129,38.9,38.9,38.9,,False,True,PEN,,0,"https://media.tottus.com.pe/tottusPE/41976207_2/width=240,height=240,quality=70,format=webp,fit=pad",2026-05-03 20:32,Por TOTTUS,,False
116222429,116222430,,,Filete De Tollo Seco Salado,PACIFIC PRODUCTS,Empaque 450 g,https://www.tottus.com.pe/tottus-pe/articulo/116222429/filete-de-tollo-seco-salado/116222430,https://www.tottus.com.pe/tottus-pe/articulo/116222429/filete-de-tollo-seco-salado/116222430,CATG10138,Pescados,J0302010118,69.9,69.9,69.9,,False,True,PEN,,0,"https://media.tottus.com.pe/tottusPE/10259644_2/width=240,height=240,quality=70,format=webp,fit=pad",2026-05-03 20:32,Por TOTTUS,,False
113713288,113713289,,,Porciones De Salmón Tottus Premium 500 g,TOTTUS PREMIUM,Empaque 500 g,https://www.tottus.com.pe/tottus-pe/articulo/113713288/porciones-de-salmon-tottus-premium-500-g/113713289,https://www.tottus.com.pe/tottus-pe/articulo/113713288/porciones-de-salmon-tottus-premium-500-g/113713289,CATG10138,Pescados,J0302010113,51.9,44.5,44.5,14.3,True,True,PEN,,0,"https://media.tottus.com.pe/tottusPE/42033770_1/width=240,height=240,quality=70,format=webp,fit=pad",2026-05-03 20:32,Por TOTTUS,39.9,False
117023891,117023892,,,Filete de Tilapia Tottus x 500 g,TOTTUS,500 g,https://www.tottus.com.pe/tottus-pe/articulo/117023891/filete-de-tilapia-tottus-x-500-g/117023892,https://www.tottus.com.pe/tottus-pe/articulo/117023891/filete-de-tilapia-tottus-x-500-g/117023892,CATG10138,Pescados,J0302010114,9.5,9.5,9.5,,False,True,PEN,,0,"https://media.tottus.com.pe/tottusPE/42961278_1/width=240,height=240,quality=70,format=webp,fit=pad",2026-05-03 20:32,Por TOTTUS,,False
115808942,115808943,,,Porciones De Perico Sin Piel Tottus,TOTTUS,Empaque 500 g,https://www.tottus.com.pe/tottus-pe/articulo/115808942/porciones-de-perico-sin-piel-tottus/115808943,https://www.tottus.com.pe/tottus-pe/articulo/115808942/porciones-de-perico-sin-piel-tottus/115808943,CATG10138,Pescados,J0302010111,29.9,25.9,25.9,13.4,True,True,PEN,,0,"https://media.tottus.com.pe/tottusPE/41876450_1/width=240,height=240,quality=70,format=webp,fit=pad",2026-05-03 20:32,Por TOTTUS,,False
130698914,130698915,,,Salmón Ahumado En Caliente x 200 g,SOUTH WIND,200 g,https://www.tottus.com.pe/tottus-pe/articulo/130698914/salmon-ahumado-en-caliente-x-200-g/130698915,https://www.tottus.com.pe/tottus-pe/articulo/130698914/salmon-ahumado-en-caliente-x-200-g/130698915,CATG10139,Ahumados,J0302010113,31.9,31.9,31.9,,False,True,PEN,,0,"https://media.tottus.com.pe/tottusPE/43330261_1/width=240,height=240,quality=70,format=webp,fit=pad",2026-05-03 20:32,Por TOTTUS,29.5,False
113708819,113708822,,,Carpaccio De Salmón,SOUTH WIND,Empaque 100 g,https://www.tottus.com.pe/tottus-pe/articulo/113708819/carpaccio-de-salmon/113708822,https://www.tottus.com.pe/tottus-pe/articulo/113708819/carpaccio-de-salmon/113708822,CATG10139,Ahumados,J0302010113,23.9,20.5,20.5,14.2,True,True,PEN,,0,"https://media.tottus.com.pe/tottusPE/40441645_1/width=240,height=240,quality=70,format=webp,fit=pad",2026-05-03 20:32,Por TOTTUS,19.5,False
113708050,113708051,,,Salmón Ahumado Congelado x 200 g,SOUTH WIND,Empaque 200 g,https://www.tottus.com.pe/tottus-pe/articulo/113708050/salmon-ahumado-congelado-x-200-g/113708051,https://www.tottus.com.pe/tottus-pe/articulo/113708050/salmon-ahumado-congelado-x-200-g/113708051,CATG10139,Ahumados,J0302010113,36.9,31.9,31.9,13.6,True,True,PEN,,0,"https://media.tottus.com.pe/tottusPE/41068398_1/width=240,height=240,quality=70,format=webp,fit=pad",2026-05-03 20:32,Por TOTTUS,29.5,False
115814340,115814341,,,Medallones De Tollo Azul Sin Piel x 500 g,UMI FOODS,Empaque 500 g,https://www.tottus.com.pe/tottus-pe/articulo/115814340/medallones-de-tollo-azul-sin-piel-umi-foods-500-g/115814341,https://www.tottus.com.pe/tottus-pe/articulo/115814340/medallones-de-tollo-azul-sin-piel-umi-foods-500-g/115814341,CATG10140,Otros,J0302010118,23.9,23.9,23.9,,False,True,PEN,,0,"https://media.tottus.com.pe/tottusPE/42834910_1/width=240,height=240,quality=70,format=webp,fit=pad",2026-05-03 20:32,Por TOTTUS,,False
115808952,115808953,,,Pejerrey Corte Mariposa,TOTTUS,Empaque 500 g,https://www.tottus.com.pe/tottus-pe/articulo/115808952/pejerrey-corte-mariposa/115808953,https://www.tottus.com.pe/tottus-pe/articulo/115808952/pejerrey-corte-mariposa/115808953,CATG10140,Otros,J0302010127,18.9,18.9,18.9,,False,True,PEN,,0,"https://media.tottus.com.pe/tottusPE/42454320_2/width=240,height=240,quality=70,format=webp,fit=pad",2026-05-03 20:32,Por TOTTUS,,False
115835994,115835995,,,Palitos de Pescado con Sabor a Cangrejo,VADIMAR,Empaque 250 g,https://www.tottus.com.pe/tottus-pe/articulo/115835994/palitos-de-pescado-con-sabor-a-cangrejo/115835995,https://www.tottus.com.pe/tottus-pe/articulo/115835994/palitos-de-pescado-con-sabor-a-cangrejo/115835995,CATG10140,Otros,J0302020203,24.9,22.5,22.5,9.6,True,True,PEN,,0,"https://media.tottus.com.pe/tottusPE/10350715_1/width=240,height=240,quality=70,format=webp,fit=pad",2026-05-03 20:32,Por TOTTUS,,False
130489132,130489143,,,Filetes De Merluza Empanizada Bolsa 500 g,SEAFROST,Bolsa 500 g,https://www.tottus.com.pe/tottus-pe/articulo/130489132/filetes-de-merluza-empanizada-bolsa-500-g/130489143,https://www.tottus.com.pe/tottus-pe/articulo/130489132/filetes-de-merluza-empanizada-bolsa-500-g/130489143,CATG10142,Empanizados,J0302010108,20.9,14.9,14.9,28.7,True,True,PEN,,0,"https://media.tottus.com.pe/tottusPE/43327046_1/width=240,height=240,quality=70,format=webp,fit=pad",2026-05-03 20:32,Por TOTTUS,,False
130071530,130071534,,,Hamburguesa de Salmón Umi Foods Caja 360 g,UMI FOODS,Caja 360 g,https://www.tottus.com.pe/tottus-pe/articulo/130071530/hamburguesa-de-salmon-umi-foods-caja-360-g/130071534,https://www.tottus.com.pe/tottus-pe/articulo/130071530/hamburguesa-de-salmon-umi-foods-caja-360-g/130071534,CATG10142,Empanizados,J0302010104,21.9,21.9,21.9,,False,True,PEN,,0,"https://media.tottus.com.pe/tottusPE/43310274_1/width=240,height=240,quality=70,format=webp,fit=pad",2026-05-03 20:32,Por TOTTUS,,False
130489165,130489168,,,Nugetts De Pescado Caja x 500 g,SEAFROST,500 g,https://www.tottus.com.pe/tottus-pe/articulo/130489165/nugetts-de-pescado-caja-x-500-g/130489168,https://www.tottus.com.pe/tottus-pe/articulo/130489165/nugetts-de-pescado-caja-x-500-g/130489168,CATG10142,Empanizados,J0302010104,19.9,19.9,19.9,,False,True,PEN,,0,"https://media.tottus.com.pe/tottusPE/43327045_3/width=240,height=240,quality=70,format=webp,fit=pad",2026-05-03 20:32,Por TOTTUS,,False
127223838,127223839,,,Nuggets de Tilapia Marina,SANTA PRISCILA,Bolsa,https://www.tottus.com.pe/tottus-pe/articulo/127223838/nuggets-de-tilapia-marina/127223839,https://www.tottus.com.pe/tottus-pe/articulo/127223838/nuggets-de-tilapia-marina/127223839,CATG10142,Empanizados,J0302010104,19.9,15.9,15.9,20.1,True,True,PEN,,0,"https://media.tottus.com.pe/tottusPE/43225770_1/width=240,height=240,quality=70,format=webp,fit=pad",2026-05-03 20:32,Por TOTTUS,,False
127190889,127190890,,,Colas de Langostino Apanado,SANTA PRISCILA,Bolsa,https://www.tottus.com.pe/tottus-pe/articulo/127190889/colas-de-langostino-apanado/127190890,https://www.tottus.com.pe/tottus-pe/articulo/127190889/colas-de-langostino-apanado/127190890,CATG10142,Empanizados,J0302020204,31.9,31.9,31.9,,False,True,PEN,,0,"https://media.tottus.com.pe/tottusPE/43224955_1/width=240,height=240,quality=70,format=webp,fit=pad",2026-05-03 20:32,Por TOTTUS,,False
115893164,115893165,,,Filete de Salmon Fresco x kg,TOTTUS,300 g Aprox,https://www.tottus.com.pe/tottus-pe/articulo/115893164/filete-de-salmon-fresco-x-kg/115893165,https://www.tottus.com.pe/tottus-pe/articulo/115893164/filete-de-salmon-fresco-x-kg/115893165,CATG10146,Filetes y Enteros,J0302010370,76.9,69.9,69.9,9.1,True,True,PEN,,0,"https://media.tottus.com.pe/tottusPE/41094762_1/width=240,height=240,quality=70,format=webp,fit=pad",2026-05-03 20:32,Por TOTTUS,,False
117000412,117000413,,,Filete de Trucha Fresca x Kg,TOTTUS,500 g Aprox,https://www.tottus.com.pe/tottus-pe/articulo/117000412/filete-de-trucha-fresca-x-kg/117000413,https://www.tottus.com.pe/tottus-pe/articulo/117000412/filete-de-trucha-fresca-x-kg/117000413,CATG10146,Filetes y Enteros,J0302010379,49.9,49.9,49.9,,False,True,PEN,,0,"https://media.tottus.com.pe/tottusPE/41175670_1/width=240,height=240,quality=70,format=webp,fit=pad",2026-05-03 20:32,Por TOTTUS,,False
116972376,116972377,,,Filete de Tilapia Fresca x kg,TOTTUS,500 g Aprox,https://www.tottus.com.pe/tottus-pe/articulo/116972376/filete-de-tilapia-fresca-x-kg/116972377,https://www.tottus.com.pe/tottus-pe/articulo/116972376/filete-de-tilapia-fresca-x-kg/116972377,CATG10146,Filetes y Enteros,J0302010374,64.9,64.9,64.9,,False,True,PEN,,0,"https://media.tottus.com.pe/tottusPE/41225358_1/width=240,height=240,quality=70,format=webp,fit=pad",2026-05-03 20:32,Por TOTTUS,,False
144474104,144474105,,,Colas De Langostinos Congeladas x 500 g,SEAFROST,Empaque 500 g,https://www.tottus.com.pe/tottus-pe/articulo/144474104/colas-de-langostinos-congeladas-x-500-g/144474105,https://www.tottus.com.pe/tottus-pe/articulo/144474104/colas-de-langostinos-congeladas-x-500-g/144474105,CATG10152,Langostinos,J0302020204,24.5,17.9,17.9,26.9,True,True,PEN,,0,"https://media.tottus.com.pe/tottusPE/43536189_1/width=240,height=240,quality=70,format=webp,fit=pad",2026-05-03 20:32,Por TOTTUS,,False
115838515,115838516,,,Colas De Langostinos Extragrandes Precocidos y Desvenados,MARFOODS,Empaque 500 g,https://www.tottus.com.pe/tottus-pe/articulo/115838515/colas-de-langostinos-extragrandes-precocidos-y-desvenados/115838516,https://www.tottus.com.pe/tottus-pe/articulo/115838515/colas-de-langostinos-extragrandes-precocidos-y-desvenados/115838516,CATG10152,Langostinos,J0302020204,58.9,58.9,58.9,,False,True,PEN,,0,"https://media.tottus.com.pe/tottusPE/42583776_1/width=240,height=240,quality=70,format=webp,fit=pad",2026-05-03 20:32,Por TOTTUS,,False
135315448,135315449,,,Langostinos Grandes Sin Cáscara x 454 g,SANTA PRISCILA,454 g,https://www.tottus.com.pe/tottus-pe/articulo/135315448/langostinos-grandes-sin-cascara-x-454-g/135315449,https://www.tottus.com.pe/tottus-pe/articulo/135315448/langostinos-grandes-sin-cascara-x-454-g/135315449,CATG10152,Langostinos,J0302020204,28.9,21.9,21.9,24.2,True,True,PEN,,0,"https://media.tottus.com.pe/tottusPE/43385269_1/width=240,height=240,quality=70,format=webp,fit=pad",2026-05-03 20:32,Por TOTTUS,,False
113709147,113709148,,,Langostinos Crudos Y Pelados Tottus,TOTTUS,Empaque 250 g,https://www.tottus.com.pe/tottus-pe/articulo/113709147/langostinos-crudos-y-pelados-tottus/113709148,https://www.tottus.com.pe/tottus-pe/articulo/113709147/langostinos-crudos-y-pelados-tottus/113709148,CATG10152,Langostinos,J0302020204,21.9,16.9,16.9,22.8,True,True,PEN,,0,"https://media.tottus.com.pe/tottusPE/42033768_2/width=240,height=240,quality=70,format=webp,fit=pad",2026-05-03 20:32,Por TOTTUS,15.9,False
149416355,149416358,,,Langostino Empanizado Caja x 200 g,UMI FOODS,Caja 200 g,https://www.tottus.com.pe/tottus-pe/articulo/149416355/langostino-empanizado-caja-x-200-g/149416358,https://www.tottus.com.pe/tottus-pe/articulo/149416355/langostino-empanizado-caja-x-200-g/149416358,CATG10152,Langostinos,J0302020110,16.9,16.9,16.9,,False,True,PEN,,0,"https://media.tottus.com.pe/tottusPE/43597524_1/width=240,height=240,quality=70,format=webp,fit=pad",2026-05-03 20:32,Por TOTTUS,,False
147142534,147142536,,,Skin Langostino Mariposa x 300 g,SEAFROST,Empaque 300 g,https://www.tottus.com.pe/tottus-pe/articulo/147142534/skin-langostino-pyd-mariposa-x300g/147142536,https://www.tottus.com.pe/tottus-pe/articulo/147142534/skin-langostino-pyd-mariposa-x300g/147142536,CATG10152,Langostinos,J0302020204,30.9,30.9,30.9,,False,True,PEN,,0,"https://media.tottus.com.pe/tottusPE/43567346_1/width=240,height=240,quality=70,format=webp,fit=pad",2026-05-03 20:32,Por TOTTUS,,False
135315402,135315405,,,Langostinos Grandes Precocidos x 363 g,SANTA PRISCILA,363 g,https://www.tottus.com.pe/tottus-pe/articulo/135315402/langostinos-grandes-precocidos-x-363-g/135315405,https://www.tottus.com.pe/tottus-pe/articulo/135315402/langostinos-grandes-precocidos-x-363-g/135315405,CATG10152,Langostinos,J0302020204,27.9,27.9,27.9,,False,True,PEN,,0,"https://media.tottus.com.pe/tottusPE/43385268_1/width=240,height=240,quality=70,format=webp,fit=pad",2026-05-03 20:32,Por TOTTUS,,False
140840025,140840026,,,Hamburguesa De Langostinos x 480 g,EBI FOODS,480 g,https://www.tottus.com.pe/tottus-pe/articulo/140840025/hamburguesa-de-langostinos-x-480-g/140840026,https://www.tottus.com.pe/tottus-pe/articulo/140840025/hamburguesa-de-langostinos-x-480-g/140840026,CATG10152,Langostinos,J0302020204,34.9,34.9,34.9,,False,True,PEN,,0,"https://media.tottus.com.pe/tottusPE/43488267_1/width=240,height=240,quality=70,format=webp,fit=pad",2026-05-03 20:32,Por TOTTUS,,False
115835157,115835158,,,Choritos Cocidos Tottus 300 g,TOTTUS,Empaque 300 g,https://www.tottus.com.pe/tottus-pe/articulo/115835157/choritos-cocidos-tottus-300-g/115835158,https://www.tottus.com.pe/tottus-pe/articulo/115835157/choritos-cocidos-tottus-300-g/115835158,CATG10152,Langostinos,J0302020217,10.9,9.4,9.4,13.8,True,True,PEN,,0,"https://media.tottus.com.pe/tottusPE/42033767_1/width=240,height=240,quality=70,format=webp,fit=pad",2026-05-03 20:32,Por TOTTUS,8.5,False
113710592,113710593,,,Colas De Langostino Cocido Umi Foods 170 g,UMI FOODS,Empaque 170 g,https://www.tottus.com.pe/tottus-pe/articulo/113710592/colas-de-langostino-cocido-umi-foods-170-g/113710593,https://www.tottus.com.pe/tottus-pe/articulo/113710592/colas-de-langostino-cocido-umi-foods-170-g/113710593,CATG10152,Langostinos,J0302020204,25.9,25.9,25.9,,False,True,PEN,,0,"https://media.tottus.com.pe/tottusPE/41738683_1/width=240,height=240,quality=70,format=webp,fit=pad",2026-05-03 20:32,Por TOTTUS,,False
115892822,115892823,,,Colas De Langostinos Jumbo Argentino Seafrost,SEAFROST,Empaque 500 g,https://www.tottus.com.pe/tottus-pe/articulo/115892822/colas-de-langostinos-jumbo-argentino-seafrost/115892823,https://www.tottus.com.pe/tottus-pe/articulo/115892822/colas-de-langostinos-jumbo-argentino-seafrost/115892823,CATG10152,Langostinos,J0302020204,45.9,45.9,45.9,,False,True,PEN,,0,"https://media.tottus.com.pe/tottusPE/41545468_1/width=240,height=240,quality=70,format=webp,fit=pad",2026-05-03 20:32,Por TOTTUS,,False
115836186,115836187,,,Colas De Langostinos Medianos con Cáscara,MARFOODS,Empaque 500 g,https://www.tottus.com.pe/tottus-pe/articulo/115836186/colas-de-langostinos-medianos-con-cascara/115836187,https://www.tottus.com.pe/tottus-pe/articulo/115836186/colas-de-langostinos-medianos-con-cascara/115836187,CATG10152,Langostinos,J0302020204,31.9,31.9,31.9,,False,True,PEN,,0,"https://media.tottus.com.pe/tottusPE/42583775_1/width=240,height=240,quality=70,format=webp,fit=pad",2026-05-03 20:32,Por TOTTUS,,False
115837505,115837506,,,Colas De Langostinos Medianos Precocidos Marfoods 500 g,MARFOODS,Empaque 500 g,https://www.tottus.com.pe/tottus-pe/articulo/115837505/colas-de-langostinos-medianos-precocidos-marfoods-500-g/115837506,https://www.tottus.com.pe/tottus-pe/articulo/115837505/colas-de-langostinos-medianos-precocidos-marfoods-500-g/115837506,CATG10152,Langostinos,J0302020204,49.9,49.9,49.9,,False,True,PEN,,0,"https://media.tottus.com.pe/tottusPE/42583777_1/width=240,height=240,quality=70,format=webp,fit=pad",2026-05-03 20:32,Por TOTTUS,,False
115998511,115998512,,,"Langostinos Crudos, Pelados Y Desvenados Tottus",TOTTUS,Empaque 250 g,https://www.tottus.com.pe/tottus-pe/articulo/115998511/langostinos-crudos-pelados-y-desvenados-tottus/115998512,https://www.tottus.com.pe/tottus-pe/articulo/115998511/langostinos-crudos-pelados-y-desvenados-tottus/115998512,CATG10152,Langostinos,J0302020204,20.9,18.9,18.9,9.6,True,True,PEN,,0,"https://media.tottus.com.pe/tottusPE/42033769_2/width=240,height=240,quality=70,format=webp,fit=pad",2026-05-03 20:32,Por TOTTUS,,False
113707509,113707510,,,Mixtura De Mariscos Premium Azul Marino 500 g,AZUL MARINO,Empaque 500 g,https://www.tottus.com.pe/tottus-pe/articulo/113707509/mixtura-de-mariscos-premium-azul-marino-500-g/113707510,https://www.tottus.com.pe/tottus-pe/articulo/113707509/mixtura-de-mariscos-premium-azul-marino-500-g/113707510,CATG10155,Mixturas,J0302020205,29.9,29.9,29.9,,False,True,PEN,,0,"https://media.tottus.com.pe/tottusPE/41876626_2/width=240,height=240,quality=70,format=webp,fit=pad",2026-05-03 20:33,Por TOTTUS,,False
131861680,131861682,,,Mixtura De Mariscos Congelado x 400 g,AZUL MARINO,400 g,https://www.tottus.com.pe/tottus-pe/articulo/131861680/mixtura-de-mariscos-congelado-x-400-g/131861682,https://www.tottus.com.pe/tottus-pe/articulo/131861680/mixtura-de-mariscos-congelado-x-400-g/131861682,CATG10155,Mixturas,J0302020205,18.5,18.5,18.5,,False,True,PEN,,0,"https://media.tottus.com.pe/tottusPE/43337076_1/width=240,height=240,quality=70,format=webp,fit=pad",2026-05-03 20:33,Por TOTTUS,,False
132020881,132020884,,,Mixtura De Mariscos x 500 g,SEAFROST,500 g,https://www.tottus.com.pe/tottus-pe/articulo/132020881/mixtura-de-mariscos-x-500-g/132020884,https://www.tottus.com.pe/tottus-pe/articulo/132020881/mixtura-de-mariscos-x-500-g/132020884,CATG10155,Mixturas,J0302020205,18.5,18.5,18.5,,False,True,PEN,,0,"https://media.tottus.com.pe/tottusPE/43339975_1/width=240,height=240,quality=70,format=webp,fit=pad",2026-05-03 20:33,Por TOTTUS,,False
116106325,116106326,,,Gallina Entera Tottus,TOTTUS,4 Kg Aprox,https://www.tottus.com.pe/tottus-pe/articulo/116106325/gallina-entera-tottus/116106326,https://www.tottus.com.pe/tottus-pe/articulo/116106325/gallina-entera-tottus/116106326,CATG10157,Carnes Regionales,J0301060801,11.9,11.9,11.9,,False,True,PEN,,0,"https://media.tottus.com.pe/tottusPE/40700016_1/width=240,height=240,quality=70,format=webp,fit=pad",2026-05-03 20:33,Por TOTTUS,,False
115825204,115825205,,,Gallina Pierna Con Encuentro Tottus,TOTTUS,1 kg Aprox,https://www.tottus.com.pe/tottus-pe/articulo/115825204/gallina-pierna-con-encuentro-tottus/115825205,https://www.tottus.com.pe/tottus-pe/articulo/115825204/gallina-pierna-con-encuentro-tottus/115825205,CATG10157,Carnes Regionales,J0301060801,15.9,15.9,15.9,,False,True,PEN,,0,"https://media.tottus.com.pe/tottusPE/42085175_1/width=240,height=240,quality=70,format=webp,fit=pad",2026-05-03 20:33,Por TOTTUS,,False
115825219,115825220,,,Pechuga Con Ala De Gallina Tottus,TOTTUS,1 kg Aprox,https://www.tottus.com.pe/tottus-pe/articulo/115825219/pechuga-con-ala-de-gallina-tottus/115825220,https://www.tottus.com.pe/tottus-pe/articulo/115825219/pechuga-con-ala-de-gallina-tottus/115825220,CATG10157,Carnes Regionales,J0301060801,15.9,15.9,15.9,,False,True,PEN,,0,"https://media.tottus.com.pe/tottusPE/42085176_1/width=240,height=240,quality=70,format=webp,fit=pad",2026-05-03 20:33,Por TOTTUS,,False
128082665,128082666,,,Desinfectante de alimentos Bio Organic Hierba Luisa x 220 ml,TOTTUS VERDURAS,Botella 220 mL,https://www.tottus.com.pe/tottus-pe/articulo/128082665/desinfectante-bio-organic-hierba-luisa-x-220-ml/128082666,https://www.tottus.com.pe/tottus-pe/articulo/128082665/desinfectante-bio-organic-hierba-luisa-x-220-ml/128082666,CATG10160,Orgánicos y Verduras BabyOrgánicos y Verduras Baby,J0401025107,19.6,19.6,19.6,,False,True,PEN,,0,"https://media.tottus.com.pe/tottusPE/43248940_1/width=240,height=240,quality=70,format=webp,fit=pad",2026-05-03 20:33,Por TOTTUS,,False
118772610,118772611,,,Zucchini Baby Tottus,TOTTUS VERDURAS,300 g,https://www.tottus.com.pe/tottus-pe/articulo/118772610/zucchini-baby-tottus/118772611,https://www.tottus.com.pe/tottus-pe/articulo/118772610/zucchini-baby-tottus/118772611,CATG10160,Orgánicos y Verduras BabyOrgánicos y Verduras Baby,J0401025201,12.6,12.6,12.6,,False,True,PEN,,0,"https://media.tottus.com.pe/tottusPE/42468844_1/width=240,height=240,quality=70,format=webp,fit=pad",2026-05-03 20:33,Por TOTTUS,,False
118772662,118772666,,,Berenjena Baby Tottus Empaque 250 g,TOTTUS VERDURAS,Empaque 250 g,https://www.tottus.com.pe/tottus-pe/articulo/118772662/berenjena-baby-tottus/118772666,https://www.tottus.com.pe/tottus-pe/articulo/118772662/berenjena-baby-tottus/118772666,CATG10160,Orgánicos y Verduras BabyOrgánicos y Verduras Baby,J0401025201,9.2,9.2,9.2,,False,True,PEN,,0,"https://media.tottus.com.pe/tottusPE/42468835_1/width=240,height=240,quality=70,format=webp,fit=pad",2026-05-03 20:33,Por TOTTUS,,False
118772641,118772644,,,Tomate Cherry Baby Tottus,TOTTUS VERDURAS,350 g,https://www.tottus.com.pe/tottus-pe/articulo/118772641/tomate-cherry-baby-tottus-/118772644,https://www.tottus.com.pe/tottus-pe/articulo/118772641/tomate-cherry-baby-tottus-/118772644,CATG10160,Orgánicos y Verduras BabyOrgánicos y Verduras Baby,J0401025201,10.5,10.5,10.5,,False,True,PEN,,0,"https://media.tottus.com.pe/tottusPE/42468840_1/width=240,height=240,quality=70,format=webp,fit=pad",2026-05-03 20:33,Por TOTTUS,,False
115823803,115823804,,,Tomate Redondo Orgánico Tottus,TOTTUS VERDURAS,1 Kg Aprox,https://www.tottus.com.pe/tottus-pe/articulo/115823803/tomate-redondo-organico-tottus/115823804,https://www.tottus.com.pe/tottus-pe/articulo/115823803/tomate-redondo-organico-tottus/115823804,CATG10160,Orgánicos y Verduras BabyOrgánicos y Verduras Baby,J0401024304,10.6,10.5,10.5,0.9,True,True,PEN,,0,"https://media.tottus.com.pe/tottusPE/42518989_1/width=240,height=240,quality=70,format=webp,fit=pad",2026-05-03 20:33,Por TOTTUS,,False
118772673,118772675,,,Pepinillo Baby Tottus x 250 g,TOTTUS VERDURAS,250 g,https://www.tottus.com.pe/tottus-pe/articulo/118772673/pepinillo-baby-tottus-x-250-g/118772675,https://www.tottus.com.pe/tottus-pe/articulo/118772673/pepinillo-baby-tottus-x-250-g/118772675,CATG10160,Orgánicos y Verduras BabyOrgánicos y Verduras Baby,J0401025201,9.2,9.2,9.2,,False,True,PEN,,0,"https://media.tottus.com.pe/tottusPE/42468838_1/width=240,height=240,quality=70,format=webp,fit=pad",2026-05-03 20:33,Por TOTTUS,,False
113928995,113928996,,,Desinfectante de alimentos J Desinfec x 200 ml,JUANDY,Botella 200mL,https://www.tottus.com.pe/tottus-pe/articulo/113928995/desinfectante-d-juandy-200-ml/113928996,https://www.tottus.com.pe/tottus-pe/articulo/113928995/desinfectante-d-juandy-200-ml/113928996,CATG10160,Orgánicos y Verduras BabyOrgánicos y Verduras Baby,J0401025107,15.99,15.99,15.99,,False,True,PEN,,0,"https://media.tottus.com.pe/tottusPE/40940135_1/width=240,height=240,quality=70,format=webp,fit=pad",2026-05-03 20:33,Por TOTTUS,,False
115890472,115890473,,,Pepinillo Mini Orgánico Tottus,TOTTUS VERDURAS,Empaque 3 UN,https://www.tottus.com.pe/tottus-pe/articulo/115890472/pepinillo-mini-organico-tottus/115890473,https://www.tottus.com.pe/tottus-pe/articulo/115890472/pepinillo-mini-organico-tottus/115890473,CATG10160,Orgánicos y Verduras BabyOrgánicos y Verduras Baby,J0401023601,9.2,9.2,9.2,,False,True,PEN,,0,"https://media.tottus.com.pe/tottusPE/42518987_1/width=240,height=240,quality=70,format=webp,fit=pad",2026-05-03 20:33,Por TOTTUS,,False
115825084,115825085,,,Tomate Cherry Orgánico Tottus 250 g,TOTTUS VERDURAS,Empaque 250 g,https://www.tottus.com.pe/tottus-pe/articulo/115825084/tomate-cherry-organico-tottus-250-g/115825085,https://www.tottus.com.pe/tottus-pe/articulo/115825084/tomate-cherry-organico-tottus-250-g/115825085,CATG10160,Orgánicos y Verduras BabyOrgánicos y Verduras Baby,J0401024306,13.39,13.39,13.39,,False,True,PEN,,0,"https://media.tottus.com.pe/tottusPE/42518984_1/width=240,height=240,quality=70,format=webp,fit=pad",2026-05-03 20:33,Por TOTTUS,,False
115822529,115822530,,,Cebolla Roja Orgánica Tottus,TOTTUS VERDURAS,1 Kg Aprox,https://www.tottus.com.pe/tottus-pe/articulo/115822529/cebolla-roja-organica-tottus/115822530,https://www.tottus.com.pe/tottus-pe/articulo/115822529/cebolla-roja-organica-tottus/115822530,CATG10160,Orgánicos y Verduras BabyOrgánicos y Verduras Baby,J0401021603,6.7,6.7,6.7,,False,True,PEN,,0,"https://media.tottus.com.pe/tottusPE/42518991_1/width=240,height=240,quality=70,format=webp,fit=pad",2026-05-03 20:33,Por TOTTUS,,False
128082663,128082664,,,Desinfectante de alimentos Bio Organic Toronja x 220 ml,TOTTUS VERDURAS,Botella 220 mL,https://www.tottus.com.pe/tottus-pe/articulo/128082663/desinfectante-bio-organic-toronja-x-220-ml/128082664,https://www.tottus.com.pe/tottus-pe/articulo/128082663/desinfectante-bio-organic-toronja-x-220-ml/128082664,CATG10160,Orgánicos y Verduras BabyOrgánicos y Verduras Baby,J0401025107,19.6,19.6,19.6,,False,True,PEN,,0,"https://media.tottus.com.pe/tottusPE/43248939_1/width=240,height=240,quality=70,format=webp,fit=pad",2026-05-03 20:33,Por TOTTUS,,False
115822567,115822568,,,Camote Amarillo Orgánico Tottus,TOTTUS VERDURAS,1 Kg Aprox,https://www.tottus.com.pe/tottus-pe/articulo/115822567/camote-amarillo-organico-tottus/115822568,https://www.tottus.com.pe/tottus-pe/articulo/115822567/camote-amarillo-organico-tottus/115822568,CATG10160,Orgánicos y Verduras BabyOrgánicos y Verduras Baby,J0401021501,6.1,6.1,6.1,,False,True,PEN,,0,"https://media.tottus.com.pe/tottusPE/42518993_1/width=240,height=240,quality=70,format=webp,fit=pad",2026-05-03 20:33,Por TOTTUS,,False
115825206,115825207,,,Cebolla Blanca Orgánica Tottus,TOTTUS VERDURAS,1 Kg Aprox,https://www.tottus.com.pe/tottus-pe/articulo/115825206/cebolla-blanca-organica-tottus/115825207,https://www.tottus.com.pe/tottus-pe/articulo/115825206/cebolla-blanca-organica-tottus/115825207,CATG10160,Orgánicos y Verduras BabyOrgánicos y Verduras Baby,J0401021601,6.7,6.7,6.7,,False,True,PEN,,0,"https://media.tottus.com.pe/tottusPE/42518990_1/width=240,height=240,quality=70,format=webp,fit=pad",2026-05-03 20:33,Por TOTTUS,,False
118772625,118772627,,,Choclo Baby Tottus,TOTTUS VERDURAS,200 g,https://www.tottus.com.pe/tottus-pe/articulo/118772625/choclo-baby-tottus/118772627,https://www.tottus.com.pe/tottus-pe/articulo/118772625/choclo-baby-tottus/118772627,CATG10160,Orgánicos y Verduras BabyOrgánicos y Verduras Baby,J0401025201,11.9,11.9,11.9,,False,True,PEN,,0,"https://media.tottus.com.pe/tottusPE/42468837_1/width=240,height=240,quality=70,format=webp,fit=pad",2026-05-03 20:33,Por TOTTUS,,False
117016272,117016273,,,Lechuga Orgánica Tottus X 300 g,TOTTUS VERDURAS,Unidad,https://www.tottus.com.pe/tottus-pe/articulo/117016272/lechuga-organica-tottus-x-300-g/117016273,https://www.tottus.com.pe/tottus-pe/articulo/117016272/lechuga-organica-tottus-x-300-g/117016273,CATG10160,Orgánicos y Verduras BabyOrgánicos y Verduras Baby,J0401023309,6.1,6.1,6.1,,False,True,PEN,,0,"https://media.tottus.com.pe/tottusPE/42600159_1/width=240,height=240,quality=70,format=webp,fit=pad",2026-05-03 20:33,Por TOTTUS,,False
