product_id,sku_id,referencia,ean,nombre,marca,descripcion,link_texto,url_producto,categoria_id,categoria_nombre,categoria_id_vtex,precio_normal,precio_oferta,precio_unitario,descuento_pct,tiene_descuento,disponible,moneda,colecciones,num_colecciones,imagen_url,fecha_extraccion
5382,5248,20063486,7753749002059,Agua Mineral SAN MATEO Sin Gas Bidón 7L,SAN MATEO,,agua-mineral-san-mateo-sin-gas-bidon-7l,https://www.plazavea.com.pe/agua-mineral-san-mateo-sin-gas-bidon-7l/p,6,Aguas,951,8.5,8.3,,2.4,True,True,PEN,Ofertas Oh! | Vive el verano | Carrusel Bebidas | Plaza Vea | Mix Bebidas | Promoción Corona Tropical,25,https://plazavea.vteximg.com.br/arquivos/ids/312658/20063486.jpg?v=637219605227630000,2026-05-03 20:10
5280,5493,945088,7750182000925,Agua de Mesa SAN LUIS Sin Gas Bidón 7L,SAN LUIS,,agua-de-mesa-san-luis-sin-gas-bidon-7l,https://www.plazavea.com.pe/agua-de-mesa-san-luis-sin-gas-bidon-7l/p,6,Aguas,950,6.9,6.5,,5.8,True,True,PEN,Ofertas Oh! | Gana con Inca Kola | Promoción Qatar Coca Cola | SAN LUIS | The Coca Cola Company,14,https://plazavea.vteximg.com.br/arquivos/ids/29320807/945088.jpg?v=638591621544130000,2026-05-03 20:10
5158,5304,3936,,Agua SAN LUIS sin Gas Caja 20L,SAN LUIS,,agua-de-mesa-san-luis-sin-gas-caja-20l,https://www.plazavea.com.pe/agua-de-mesa-san-luis-sin-gas-caja-20l/p,6,Aguas,950,23.2,22.9,,1.3,True,True,PEN,Ofertas Oh! | Recicla Consciente | Gana con Inca Kola | Promoción Qatar Coca Cola | SAN LUIS,29,https://plazavea.vteximg.com.br/arquivos/ids/29320804/3936.jpg?v=638591621402870000,2026-05-03 20:10
5004,5530,20039976,,Agua sin Gas CIELO Caja 20L,CIELO,,agua-de-mesa-cielo-sin-gas-caja-20l,https://www.plazavea.com.pe/agua-de-mesa-cielo-sin-gas-caja-20l/p,6,Aguas,950,23.5,23.5,,,False,True,PEN,Ofertas Oh! | Mix Bebidas | Los Precios Bajos en Bebidas están aquí | Lo mejor de la Semana | Disfruta la Final en casa,18,https://plazavea.vteximg.com.br/arquivos/ids/29322628/20039976.jpg?v=638593275411700000,2026-05-03 20:10
4839,5101,118275,,Agua sin Gas CIELO Bidón 7L,CIELO,,agua-de-mesa-cielo-sin-gas-bidon-7l,https://www.plazavea.com.pe/agua-de-mesa-cielo-sin-gas-bidon-7l/p,6,Aguas,950,6.9,5.8,,15.9,True,True,PEN,Ofertas Oh! | Con estos precios celebras todos los días | Disfruta la Final en casa | plazaVea | Bebidas | Alienta con Precios Bajos,22,https://plazavea.vteximg.com.br/arquivos/ids/29322627/118275.jpg?v=638593275364030000,2026-05-03 20:10
100125864,10221438,20237588,7750670008105,Agua sin Gas CIELO Botella 2.5L Paquete 6un,CIELO,,agua-sin-gas-cielo-botella-2-5l-paquete-6un,https://www.plazavea.com.pe/agua-sin-gas-cielo-botella-2-5l-paquete-6un/p,6,Aguas,950,16.2,14.5,,10.5,True,True,PEN,Aguas Formatos Grandes | Verano Refrescante | Rotados Bebidas | plazaVea | plazaVea | HP 14.07 | plazaVea | Bebidas del  14.07 al 17.07,6,https://plazavea.vteximg.com.br/arquivos/ids/29322649/20237588.jpg?v=638593276466800000,2026-05-03 20:10
50307,51324,20173636,,Agua de Mesa SAN CARLOS sin Gas Botella 500ml Paquete 20un,SAN CARLOS,,agua-de-mesa-san-carlos-sin-gas-botella-500ml-paquete-20un,https://www.plazavea.com.pe/agua-de-mesa-san-carlos-sin-gas-botella-500ml-paquete-20un/p,6,Aguas,950,14.5,13.4,,7.6,True,True,PEN,Delivery Express | Especial de Parrillas | plazaVea | Un Refrescante Verano | Aguas Formatos Grandes | Verano Refrescante,16,https://plazavea.vteximg.com.br/arquivos/ids/494235/20173636.jpg?v=637401924506630000,2026-05-03 20:10
5745,5511,968063,7753749002295,Agua Mineral SAN MATEO Sin Gas Botella 2.5L,SAN MATEO,,agua-mineral-san-mateo-sin-gas-botella-2-5l,https://www.plazavea.com.pe/agua-mineral-san-mateo-sin-gas-botella-2-5l/p,6,Aguas,951,3.3,3.3,,,False,True,PEN,Delivery Express | Colección FOOD Express | Verano Super Fresco | Promoción Corona Tropical | Agora club,8,https://plazavea.vteximg.com.br/arquivos/ids/312673/968063.jpg?v=637219605292870000,2026-05-03 20:10
5566,5648,131527,,Agua Mineral SAN LUIS Con Gas Botella 625ml Paquete 6un,SAN LUIS,,agua-de-mesa-san-luis-con-gas-paquete-6un-botella-625ml,https://www.plazavea.com.pe/agua-de-mesa-san-luis-con-gas-paquete-6un-botella-625ml/p,6,Aguas,950,8.5,8.5,,,False,True,PEN,Delivery Express | Gana con Inca Kola | Promoción Qatar Coca Cola | SAN LUIS | The Coca Cola Company,8,https://plazavea.vteximg.com.br/arquivos/ids/29320805/131527.jpg?v=638591621458930000,2026-05-03 20:10
5370,5298,31591,,Agua Mineral SAN MATEO Con Gas Botella 600ml Paquete 6un,SAN MATEO,,agua-mineral-san-mateo-con-gas-paquete-6un-botella-600ml,https://www.plazavea.com.pe/agua-mineral-san-mateo-con-gas-paquete-6un-botella-600ml/p,6,Aguas,951,11.2,9.2,,17.9,True,True,PEN,Delivery Express | DIPTICO VERANO FRESCO | Promoción Corona Tropical | Ofertas de Verano | Plaza Vea | plazaVea | Mundo Bebidas,5,https://plazavea.vteximg.com.br/arquivos/ids/4846494/31591.jpg?v=637764896846730000,2026-05-03 20:10
5152,5299,31592,,Agua Mineral SAN MATEO sin Gas Botella 600ml Paquete 6un,SAN MATEO,,agua-mineral-san-mateo-sin-gas-paquete-6un-botella-600ml,https://www.plazavea.com.pe/agua-mineral-san-mateo-sin-gas-paquete-6un-botella-600ml/p,6,Aguas,951,9.5,9.2,,3.2,True,True,PEN,Delivery Express | DIPTICO VERANO FRESCO | Promoción Corona Tropical | Ofertas de Verano | Plaza Vea,4,https://plazavea.vteximg.com.br/arquivos/ids/34331932/31592.jpg?v=639124909192570000,2026-05-03 20:10
4993,4995,20077910,,Agua Mineral SAN MATEO Con Gas Botella 1.5L,SAN MATEO,,agua-mineral-san-mateo-con-gas-botella-1-5l,https://www.plazavea.com.pe/agua-mineral-san-mateo-con-gas-botella-1-5l/p,6,Aguas,951,2.5,2.5,,,False,True,PEN,Delivery Express | Colección FOOD Express | Promoción Corona Tropical,3,https://plazavea.vteximg.com.br/arquivos/ids/16380953/20077910.jpg?v=637970147762870000,2026-05-03 20:10
101952061,12300855,20571521,,Agua sin Gas SAN LUIS Botella 3L Paquete 6un,SAN LUIS,,agua-sin-gas-san-luis-botella-3l-paquete-6un-20571521,https://www.plazavea.com.pe/agua-sin-gas-san-luis-botella-3l-paquete-6un-20571521/p,6,Aguas,950,16.9,15.9,,5.9,True,True,PEN,plazaVea | Novedades | 2026,1,https://plazavea.vteximg.com.br/arquivos/ids/34478046/20571521.jpg?v=639130848972500000,2026-05-03 20:10
101519668,11895262,20505658,7750182008730,Agua con Gas SAN LUIS Sabor a Manzana Botella 1.5L,SAN LUIS,,agua-con-gas-san-luis-sabor-a-manzana-botella-1-5l-20505658,https://www.plazavea.com.pe/agua-con-gas-san-luis-sabor-a-manzana-botella-1-5l-20505658/p,6,Aguas,953,4.0,4.0,,,False,True,PEN,,0,https://plazavea.vteximg.com.br/arquivos/ids/34308364/20505658.jpg?v=639124029698930000,2026-05-03 20:10
101508855,11884094,20505660,7750670020893,Agua con Gas CIELO Sabor a Manzana Botella 600ml,CIELO,,agua-con-gas-cielo-sabor-a-manzana-botella-600ml,https://www.plazavea.com.pe/agua-con-gas-cielo-sabor-a-manzana-botella-600ml/p,6,Aguas,953,1.9,1.7,,10.5,True,True,PEN,,0,https://plazavea.vteximg.com.br/arquivos/ids/31662022/20505660.jpg?v=638875063373270000,2026-05-03 20:10
101102043,11473733,20426986,7750182008556,Agua con Gas SAN LUIS Sabor a Manzana Botella 625ml Paquete 6un,SAN LUIS,,agua-con-gas-san-luis-sabor-a-manzana-botella-625ml-paquete-6un,https://www.plazavea.com.pe/agua-con-gas-san-luis-sabor-a-manzana-botella-625ml-paquete-6un/p,6,Aguas,953,11.0,9.9,,10.0,True,True,PEN,Recicla Consciente,1,https://plazavea.vteximg.com.br/arquivos/ids/30411172/20426986.jpg?v=638727290399200000,2026-05-03 20:10
100514067,10734003,20283258,2200202832586,Agua sin Gas BELL'S Bidón 7L,BELL'S,,agua-sin-gas-bells-bidon-7l,https://www.plazavea.com.pe/agua-sin-gas-bells-bidon-7l/p,6,Aguas,950,5.4,4.9,,9.3,True,True,PEN,DIPTICO VERANO FRESCO | Ofertas de Verano | Plaza Vea | BELL'S ABARROTES Y BEBIDAS | Abarrotes y Bebidas Bell's | Marcas Propias,12,https://plazavea.vteximg.com.br/arquivos/ids/34443321/20283258.jpg?v=639129060469600000,2026-05-03 20:10
100427896,10619284,20281536,7750182007610,Agua sin Gas SAN LUIS Botella 750ml Paquete 15un,SAN LUIS,,agua-sin-gas-san-luis-botella-750ml-paquete-15un,https://www.plazavea.com.pe/agua-sin-gas-san-luis-botella-750ml-paquete-15un/p,6,Aguas,950,19.9,19.5,,2.0,True,True,PEN,Promoción Qatar Coca Cola | SAN LUIS | The Coca Cola Company | San Luis | plazaVea | Bebidas / San Luis,11,https://plazavea.vteximg.com.br/arquivos/ids/29320815/20281536.jpg?v=638591621906130000,2026-05-03 20:10
83205,87631,20192727,,Agua sin Gas BELL'S Caja 20L,BELL'S,,agua-sin-gas-bells-caja-20l,https://www.plazavea.com.pe/agua-sin-gas-bells-caja-20l/p,6,Aguas,950,18.9,18.9,,,False,True,PEN,Nuestras Marcas | Nuestras Marcas | Nuestras Marcas | BELL'S ABARROTES Y BEBIDAS | Abarrotes y Bebidas Bell's,9,https://plazavea.vteximg.com.br/arquivos/ids/534533/20192727.jpg?v=637420539946500000,2026-05-03 20:10
69795,72535,20189389,,Agua de Mesa SAN CARLOS Sin Gas Caja 20L,SAN CARLOS,,agua-de-mesa-san-carlos-sin-gas-caja-20l,https://www.plazavea.com.pe/agua-de-mesa-san-carlos-sin-gas-caja-20l/p,6,Aguas,950,23.9,23.9,,,False,True,PEN,DIPTICO VERANO FRESCO | Vive el verano | Especial Parrillas | Ofertas de Verano | Plaza Vea | Bidones y Cajas de Agua,11,https://plazavea.vteximg.com.br/arquivos/ids/410178/20189389.jpg?v=637358836395070000,2026-05-03 20:10
5567,5650,131594,7750298000710,Agua de Mesa SAN LUIS Con Gas Botella 2.5L,SAN LUIS,,agua-de-mesa-san-luis-con-gas-botella-2-5l,https://www.plazavea.com.pe/agua-de-mesa-san-luis-con-gas-botella-2-5l/p,6,Aguas,950,3.5,3.5,,,False,True,PEN,Delivery Express | Colección FOOD Express | Gana con Inca Kola | Promoción Qatar Coca Cola | SAN LUIS,9,https://plazavea.vteximg.com.br/arquivos/ids/29320806/131594.jpg?v=638591621497870000,2026-05-03 20:10
5322,5173,986668,,Agua sin Gas CIELO Botella 625ml Paquete 6un,CIELO,,agua-de-mesa-cielo-sin-gas-paquete-6un-botella-625ml,https://www.plazavea.com.pe/agua-de-mesa-cielo-sin-gas-paquete-6un-botella-625ml/p,6,Aguas,950,6.9,6.9,,,False,True,PEN,Delivery Express,1,https://plazavea.vteximg.com.br/arquivos/ids/29322560/986668.jpg?v=638593270177470000,2026-05-03 20:10
101934081,12282199,20571239,,Agua con Gas CIELO Gasificada Sabor a Naranja Botella 600ml,CIELO,,agua-con-gas-cielo-gasificada-sabor-a-naranja-botella-600ml-20571239,https://www.plazavea.com.pe/agua-con-gas-cielo-gasificada-sabor-a-naranja-botella-600ml-20571239/p,6,Aguas,953,1.9,1.7,,10.5,True,True,PEN,plazaVea | Novedades | 2026,1,https://plazavea.vteximg.com.br/arquivos/ids/34477810/20571239.jpg?v=639130847476800000,2026-05-03 20:10
101707591,12090140,20565813,7750182008761,Agua sin Gas SAN LUIS Sabor a Arándano Botella 625ml,SAN LUIS,null,agua-sin-gas-san-luis-sabor-a-arandano-botella-625ml,https://www.plazavea.com.pe/agua-sin-gas-san-luis-sabor-a-arandano-botella-625ml/p,6,Aguas,953,1.9,1.9,,,False,True,PEN,,0,https://plazavea.vteximg.com.br/arquivos/ids/32603599/20565813.jpg?v=638961881921270000,2026-05-03 20:10
101508857,11884096,20505659,7750670020916,Agua con Gas CIELO Sabor a Maracuyá Botella 600ml,CIELO,,agua-con-gas-cielo-sabor-a-maracuya-botella-600ml,https://www.plazavea.com.pe/agua-con-gas-cielo-sabor-a-maracuya-botella-600ml/p,6,Aguas,953,1.9,1.7,,10.5,True,True,PEN,,0,https://plazavea.vteximg.com.br/arquivos/ids/31662024/20505659.jpg?v=638875063472530000,2026-05-03 20:10
101508856,11884095,20505655,7750670020909,Agua con Gas CIELO Sabor a Limón Botella 600ml,CIELO,,agua-con-gas-cielo-sabor-a-limon-botella-600ml,https://www.plazavea.com.pe/agua-con-gas-cielo-sabor-a-limon-botella-600ml/p,6,Aguas,953,1.9,1.7,,10.5,True,True,PEN,,0,https://plazavea.vteximg.com.br/arquivos/ids/31662023/20505655.jpg?v=638875063422100000,2026-05-03 20:10
101166369,11542668,20326649,7750670018104,Agua Alcalina sin Gas CIELO Botella 350ml Paquete 15un,CIELO,,agua-alcalina-sin-gas-cielo-botella-350ml-paquete-15un,https://www.plazavea.com.pe/agua-alcalina-sin-gas-cielo-botella-350ml-paquete-15un/p,6,Aguas,951,15.5,15.5,,,False,True,PEN,,0,https://plazavea.vteximg.com.br/arquivos/ids/30294816/20326649.jpg?v=638690999480000000,2026-05-03 20:10
100524782,10753209,20325719,7755224000673,Agua Mineral con Gas SOCOSANI Botella 500ml Paquete 6un,SOCOSANI,,agua-mineral-con-gas-socosani-botella-500ml-paquete-6un,https://www.plazavea.com.pe/agua-mineral-con-gas-socosani-botella-500ml-paquete-6un/p,6,Aguas,951,10.9,10.9,,,False,True,PEN,,0,https://plazavea.vteximg.com.br/arquivos/ids/22590591/20325719.jpg?v=638053721973130000,2026-05-03 20:10
99964212,10056647,20206044,7401005911224,Agua sin Gas SAN CARLOS Botella 3L Paquete 2un,SAN CARLOS,,agua-sin-gas-san-carlos-botella-3l-paquete-2un,https://www.plazavea.com.pe/agua-sin-gas-san-carlos-botella-3l-paquete-2un/p,6,Aguas,950,6.9,6.9,,,False,True,PEN,Aguas Formatos Grandes,1,https://plazavea.vteximg.com.br/arquivos/ids/34358806/20206044.jpg?v=639125035206330000,2026-05-03 20:10
99959631,10053567,20205640,7750182007122,Agua SAN LUIS sin Gas Botella 1L Six Pack,SAN LUIS,,agua-san-luis-sin-gas-botella-1l-six-pack,https://www.plazavea.com.pe/agua-san-luis-sin-gas-botella-1l-six-pack/p,6,Aguas,950,10.5,10.5,,,False,True,PEN,Colección FOOD Express | SAN LUIS | The Coca Cola Company | San Luis | plazaVea | Bebidas / San Luis,6,https://plazavea.vteximg.com.br/arquivos/ids/29320812/20205640.jpg?v=638591621779070000,2026-05-03 20:10
48986,49384,20172148,,Agua Tónica EVERVESS Botella 1.5L,EVERVESS,,agua-tonica-evervess-botella-1-5l,https://www.plazavea.com.pe/agua-tonica-evervess-botella-1-5l/p,6,Aguas,952,6.9,6.7,,2.9,True,True,PEN,Delivery Express | Colección FOOD Express | Vive el verano | Complementos bebidas| Menú Verano,4,https://plazavea.vteximg.com.br/arquivos/ids/19996486/20172148.jpg?v=638017645703670000,2026-05-03 20:10
27049,27010,20134746,,Agua BELL'S sin Gas Botella 2.5L,BELL'S,,agua-de-mesa-bells-sin-gas-botella-2-5l,https://www.plazavea.com.pe/agua-de-mesa-bells-sin-gas-botella-2-5l/p,6,Aguas,950,1.99,1.99,,,False,True,PEN,Delivery Express | Colección FOOD Express | Nuestras Marcas | Recicla Consciente | Nuestras Marcas,12,https://plazavea.vteximg.com.br/arquivos/ids/34331941/20134746.jpg?v=639124909259370000,2026-05-03 20:10
131,149,1046239002,7750670313537,Agua de Mesa CIELO Sin Gas Botella 2.5L,CIELO,,agua-de-mesa-cielo-sin-gas-botella-2-5l,https://www.plazavea.com.pe/agua-de-mesa-cielo-sin-gas-botella-2-5l/p,6,Aguas,950,2.9,2.5,,13.8,True,True,PEN,Ofertas Oh! | Delivery Express | Colección FOOD Express | Agora Producción pendientes PlazaVea | plazaVea | Bebidas | 01.05 al 03.05,5,https://plazavea.vteximg.com.br/arquivos/ids/29322561/1046239002.jpg?v=638593270216670000,2026-05-03 20:10
101989241,12334019,20621703,,Agua Saborizada con Gas LOA Sabor a Mandarina Botella 625ml,LOA,,agua-saborizada-con-gas-loa-sabor-a-mandarina-botella-625ml-20621703,https://www.plazavea.com.pe/agua-saborizada-con-gas-loa-sabor-a-mandarina-botella-625ml-20621703/p,6,Aguas,953,1.7,1.7,,,False,True,PEN,,0,https://plazavea.vteximg.com.br/arquivos/ids/34262459/20621703.jpg?v=639117090556430000,2026-05-03 20:10
101989239,12334017,20621702,,Agua Saborizada con Gas LOA Sabor a Granadilla Botella 625ml,LOA,,agua-saborizada-con-gas-loa-sabor-a-granadilla-botella-625ml-20621702,https://www.plazavea.com.pe/agua-saborizada-con-gas-loa-sabor-a-granadilla-botella-625ml-20621702/p,6,Aguas,953,1.7,1.7,,,False,True,PEN,,0,https://plazavea.vteximg.com.br/arquivos/ids/34262487/20621702.jpg?v=639117094409200000,2026-05-03 20:10
101838503,12199043,20569270,,Agua sin Gas CIELO Sport Botella 1L Paquete 6un,CIELO,,agua-sin-gas-cielo-sport-botella-1l-paquete-6un-20569270,https://www.plazavea.com.pe/agua-sin-gas-cielo-sport-botella-1l-paquete-6un-20569270/p,6,Aguas,951,14.5,13.2,,9.0,True,True,PEN,,0,https://plazavea.vteximg.com.br/arquivos/ids/34471404/20569270.jpg?v=639130821503470000,2026-05-03 20:10
101684532,12069758,20565395,7750670021043,Agua con Gas CIELO Sabor a a Limón Botella 1.72L,CIELO,,agua-con-gas-cielo-sabor-a-a-limon-botella-1-72l-20565395,https://www.plazavea.com.pe/agua-con-gas-cielo-sabor-a-a-limon-botella-1-72l-20565395/p,6,Aguas,953,4.2,3.9,,7.1,True,True,PEN,,0,https://plazavea.vteximg.com.br/arquivos/ids/34370713/20565395.jpg?v=639125110809070000,2026-05-03 20:10
101443677,11819737,20501940,7751731006825,Agua Ligera Saborizada LOA de Lima Limón Botella 625ml,LOA,,agua-ligera-saborizada-loa-de-lima-limon-botella-625ml,https://www.plazavea.com.pe/agua-ligera-saborizada-loa-de-lima-limon-botella-625ml/p,6,Aguas,953,1.7,1.4,,17.6,True,True,PEN,Aniversario Makro del 30.06 al 16.07,1,https://plazavea.vteximg.com.br/arquivos/ids/34366769/20501940.jpg?v=639125087997170000,2026-05-03 20:10
101442458,11818535,20503662,7751731007112,Agua Gasificada LOA Sabor a Manzana Botella 625ml,LOA,,agua-gasificada-loa-sabor-a-manzana-botella-625ml,https://www.plazavea.com.pe/agua-gasificada-loa-sabor-a-manzana-botella-625ml/p,6,Aguas,953,1.7,1.4,,17.6,True,True,PEN,Aniversario Makro del 30.06 al 16.07,1,https://plazavea.vteximg.com.br/arquivos/ids/34367215/20503662.jpg?v=639125090969630000,2026-05-03 20:10
101442289,11818366,20501939,7751731006818,Agua Ligera Saborizada LOA de Piña Botella 625ml,LOA,,agua-ligera-saborizada-loa-de-pina-botella-625ml,https://www.plazavea.com.pe/agua-ligera-saborizada-loa-de-pina-botella-625ml/p,6,Aguas,953,1.7,1.4,,17.6,True,True,PEN,Aniversario Makro del 30.06 al 16.07,1,https://plazavea.vteximg.com.br/arquivos/ids/34366768/20501939.jpg?v=639125087982700000,2026-05-03 20:10
100962678,11331427,20402693,7750182008037,Agua sin Gas SAN LUIS Limón Botella 625ml Paquete 6un,SAN LUIS,,agua-sin-gas-san-luis-limon-botella-625ml-paquete-6un,https://www.plazavea.com.pe/agua-sin-gas-san-luis-limon-botella-625ml-paquete-6un/p,6,Aguas,953,11.0,10.7,,2.7,True,True,PEN,Powerade,1,https://plazavea.vteximg.com.br/arquivos/ids/29320820/20402693.jpg?v=638591622118500000,2026-05-03 20:10
100827571,11124732,20376680,7750182007757,Agua con Gas SAN LUIS Sabor a Manzana Botella 625ml,SAN LUIS,,agua-con-gas-san-luis-sabor-a-manzana-botella-625-ml,https://www.plazavea.com.pe/agua-con-gas-san-luis-sabor-a-manzana-botella-625-ml/p,6,Aguas,953,2.0,1.9,,5.0,True,True,PEN,San Luis | plazaVea | Bebidas / San Luis | plazaVea | San Luis | Powerade,4,https://plazavea.vteximg.com.br/arquivos/ids/29320818/20376680.jpg?v=638591622042170000,2026-05-03 20:10
100827570,11124731,20376687,7750182007764,Agua con Gas SAN LUIS Sabor a Maracuyá Botella 625ml,SAN LUIS,,agua-con-gas-san-luis-sabor-a-maracuya-botella-625ml,https://www.plazavea.com.pe/agua-con-gas-san-luis-sabor-a-maracuya-botella-625ml/p,6,Aguas,953,2.0,1.9,,5.0,True,True,PEN,San Luis | plazaVea | Bebidas / San Luis | plazaVea | San Luis | Powerade,4,https://plazavea.vteximg.com.br/arquivos/ids/29320817/20376687.jpg?v=638591621996900000,2026-05-03 20:10
100427894,10619282,20281538,7750182007603,Agua sin Gas SAN LUIS Botella 750ml Paquete 6un,SAN LUIS,,agua-sin-gas-san-luis-botella-750ml-paquete-6un,https://www.plazavea.com.pe/agua-sin-gas-san-luis-botella-750ml-paquete-6un/p,6,Aguas,950,8.5,8.5,,,False,True,PEN,Promoción Qatar Coca Cola | SAN LUIS | The Coca Cola Company | San Luis | plazaVea | Bebidas / San Luis,6,https://plazavea.vteximg.com.br/arquivos/ids/29320814/20281538.jpg?v=638591621863930000,2026-05-03 20:10
99941140,10033985,20197002,7750670015325,Agua sin Gas CIELO Alcalina Botella 650ml,CIELO,,agua-sin-gas-cielo-alcalina-botella-650ml,https://www.plazavea.com.pe/agua-sin-gas-cielo-alcalina-botella-650ml/p,6,Aguas,951,1.9,1.9,,,False,True,PEN,Colección FOOD Express | Recicla Consciente,2,https://plazavea.vteximg.com.br/arquivos/ids/29322643/20197002.jpg?v=638593276155730000,2026-05-03 20:10
41719,41689,20119837,7751655000763,Agua sin Gas SAN CARLOS Botella 3L,SAN CARLOS,,agua-sin-gas-san-carlos-botella-3l,https://www.plazavea.com.pe/agua-sin-gas-san-carlos-botella-3l/p,6,Aguas,951,3.5,2.9,,17.1,True,True,PEN,Delivery Express | Colección FOOD Express | plazaVea | Bebidas | 01.05 al 03.05,3,https://plazavea.vteximg.com.br/arquivos/ids/34331934/20119837.jpg?v=639124909207630000,2026-05-03 20:10
5188,5122,737791,77530974,Agua Mineral SAN MATEO Con Gas Botella 600ml,SAN MATEO,,agua-mineral-san-mateo-con-gas-botella-600ml,https://www.plazavea.com.pe/agua-mineral-san-mateo-con-gas-botella-600ml/p,6,Aguas,951,2.0,1.9,,5.0,True,True,PEN,Delivery Express | Colección FOOD Express | Promoción Corona Tropical,3,https://plazavea.vteximg.com.br/arquivos/ids/312649/737791.jpg?v=637219605151170000,2026-05-03 20:10
4966,5517,20032267,7750670009041,Agua sin Gas CIELO Sport Botella 1L,CIELO,,agua-de-mesa-cielo-sin-gas-tapa-sport-botella-1l,https://www.plazavea.com.pe/agua-de-mesa-cielo-sin-gas-tapa-sport-botella-1l/p,6,Aguas,950,2.5,2.0,,20.0,True,True,PEN,Delivery Express | Colección FOOD Express | Agora Producción pendientes PlazaVea | plazaVea | Mundo Bebidas,4,https://plazavea.vteximg.com.br/arquivos/ids/34331933/20032267.jpg?v=639124909200000000,2026-05-03 20:10
356,75,1005652002,7750670336901,Agua de mesa CIELO Con gas Botella 625ml,CIELO,,agua-de-mesa-cielo-con-gas-botella-625ml,https://www.plazavea.com.pe/agua-de-mesa-cielo-con-gas-botella-625ml/p,6,Aguas,950,1.3,1.3,,,False,True,PEN,Delivery Express | Colección FOOD Express | Agora Producción pendientes PlazaVea,3,https://plazavea.vteximg.com.br/arquivos/ids/29322562/1005652002.jpg?v=638593270256900000,2026-05-03 20:10
101989243,12334021,20621701,,Agua Saborizada con Gas LOA Sabor a Mandarina Botella 1.5L,LOA,,agua-saborizada-con-gas-loa-sabor-a-mandarina-botella-1-5l-20621701,https://www.plazavea.com.pe/agua-saborizada-con-gas-loa-sabor-a-mandarina-botella-1-5l-20621701/p,6,Aguas,953,3.7,3.7,,,False,True,PEN,,0,https://plazavea.vteximg.com.br/arquivos/ids/34262457/20621701.jpg?v=639117085440470000,2026-05-03 20:10
101980655,12325481,20571520,,Agua sin Gas SAN LUIS Botella 3L,SAN LUIS,,agua-sin-gas-san-luis-botella-3l-pv-20571520,https://www.plazavea.com.pe/agua-sin-gas-san-luis-botella-3l-pv-20571520/p,6,Aguas,950,3.0,3.0,,,False,True,PEN,plazaVea | Novedades | 2026,1,https://plazavea.vteximg.com.br/arquivos/ids/34187114/20571520.jpg?v=639101362889130000,2026-05-03 20:10
101885949,12241625,20568566,,Agua con Gas BELL'S Botella 625ml,BELL'S,,agua-con-gas-bells-botella-625ml-20568566,https://www.plazavea.com.pe/agua-con-gas-bells-botella-625ml-20568566/p,6,Aguas,950,0.9,0.9,,,False,True,PEN,,0,https://plazavea.vteximg.com.br/arquivos/ids/34470168/20568566.jpg?v=639130815162800000,2026-05-03 20:10
101442290,11818367,20501943,7751731006771,Agua Ligera LOA con Gas Botella 625ml,LOA,,agua-ligera-loa-con-gas-botella-625ml,https://www.plazavea.com.pe/agua-ligera-loa-con-gas-botella-625ml/p,6,Aguas,953,1.2,1.2,,,False,True,PEN,,0,https://plazavea.vteximg.com.br/arquivos/ids/34366770/20501943.jpg?v=639125088005770000,2026-05-03 20:10
101201049,11578050,20466732,7751731006993,Agua LOA sin Gas Botella 625ml Six Pack,LOA,,agua-loa-sin-gas-botella-625ml-six-pack,https://www.plazavea.com.pe/agua-loa-sin-gas-botella-625ml-six-pack/p,6,Aguas,950,6.5,6.5,,,False,True,PEN,,0,https://plazavea.vteximg.com.br/arquivos/ids/31375734/20466732.jpg?v=638838898019700000,2026-05-03 20:10
100892444,11244353,20392650,7750182007962,Agua sin Gas SAN LUIS Limón Botella 1.5L,SAN LUIS,,agua-sin-gas-san-luis-limon-botella-1-5l,https://www.plazavea.com.pe/agua-sin-gas-san-luis-limon-botella-1-5l/p,6,Aguas,953,4.0,4.0,,,False,True,PEN,,0,https://plazavea.vteximg.com.br/arquivos/ids/29320819/20392650.jpg?v=638591622080030000,2026-05-03 20:10
100540403,10775156,20327850,7755224000352,Agua Mineral SOCOSANI Manzana Botella 500ml,SOCOSANI,,agua-mineral-socosani-manzana-botella-500ml,https://www.plazavea.com.pe/agua-mineral-socosani-manzana-botella-500ml/p,6,Aguas,953,2.0,1.6,,20.0,True,True,PEN,,0,https://plazavea.vteximg.com.br/arquivos/ids/25682091/20327850.jpg?v=638107294486100000,2026-05-03 20:10
100540401,10775154,20327848,7755224000376,Agua Mineral SOCOSANI Frutos Rojos Botella 500ml,SOCOSANI,,agua-mineral-socosani-frutos-rojos-botella-500ml,https://www.plazavea.com.pe/agua-mineral-socosani-frutos-rojos-botella-500ml/p,6,Aguas,953,2.0,1.6,,20.0,True,True,PEN,,0,https://plazavea.vteximg.com.br/arquivos/ids/25682089/20327848.jpg?v=638107293917000000,2026-05-03 20:10
100540398,10775151,20327849,7755224283762,Agua Mineral SOCOSANI Limón Botella 500ml,SOCOSANI,,agua-mineral-socosani-limon-botella-500ml,https://www.plazavea.com.pe/agua-mineral-socosani-limon-botella-500ml/p,6,Aguas,953,2.0,1.6,,20.0,True,True,PEN,,0,https://plazavea.vteximg.com.br/arquivos/ids/25682085/20327849.jpg?v=638107292738100000,2026-05-03 20:10
100540396,10775149,20327852,7755224000369,Agua Mineral SOCOSANI Pera Botella 500ml,SOCOSANI,,agua-mineral-socosani-pera-botella-500ml,https://www.plazavea.com.pe/agua-mineral-socosani-pera-botella-500ml/p,6,Aguas,953,2.3,1.6,,30.4,True,True,PEN,,0,https://plazavea.vteximg.com.br/arquivos/ids/25682083/20327852.jpg?v=638107292176100000,2026-05-03 20:10
100524783,10753210,20325720,7750182006958,Agua sin Gas SAN LUIS Sabor Limón Botella 625ml,SAN LUIS,,agua-sin-gas-san-luis-sabor-limon-botella-625ml,https://www.plazavea.com.pe/agua-sin-gas-san-luis-sabor-limon-botella-625ml/p,6,Aguas,953,2.0,1.9,,5.0,True,True,PEN,San Luis | plazaVea | Bebidas / San Luis | Powerade,3,https://plazavea.vteximg.com.br/arquivos/ids/29320816/20325720.jpg?v=638591621954070000,2026-05-03 20:10
100512219,10732146,20319174,7758643000415,Agua Saborizada MR PERKINS Soda Pink 4 Pack Lata 180ml,MR PERKINS,,agua-saborizada-mr-perkins-soda-pink-4-pack-lata-180ml,https://www.plazavea.com.pe/agua-saborizada-mr-perkins-soda-pink-4-pack-lata-180ml/p,6,Aguas,953,20.9,16.9,,19.1,True,True,PEN,Landing Vinos y Licores | Tom Collins | Landing Vinos y Licores | Americano | Landing Vinos y Licores | Amaretto Fizz,3,https://plazavea.vteximg.com.br/arquivos/ids/29206216/20319174.jpg?v=638561089718630000,2026-05-03 20:10
74355,77753,20190928,7751731004449,Agua de Mesa LOA Sin Gas Botella 2.5L,LOA,,agua-de-mesa-loa-sin-gas-botella-2-5l,https://www.plazavea.com.pe/agua-de-mesa-loa-sin-gas-botella-2-5l/p,6,Aguas,950,2.5,2.5,,,False,True,PEN,Colección FOOD Express,1,https://plazavea.vteximg.com.br/arquivos/ids/31375715/20190928.jpg?v=638838897037330000,2026-05-03 20:10
30356,30413,20100955,7755224000307,Agua Mineral con Gas SOCOSANI Botella 1.5L,SOCOSANI,,agua-mineral-con-gas-socosani-botella-1-5l,https://www.plazavea.com.pe/agua-mineral-con-gas-socosani-botella-1-5l/p,6,Aguas,951,5.9,5.9,,,False,True,PEN,,0,https://plazavea.vteximg.com.br/arquivos/ids/29148583/20100955.jpg?v=638532577035630000,2026-05-03 20:10
6350,6008,20084120,,Agua Mineral SAN PELLEGRINO Con Gas Botella 750ml,SAN PELLEGRINO,,agua-mineral-san-pellegrino-con-gas-botella-750ml,https://www.plazavea.com.pe/agua-mineral-san-pellegrino-con-gas-botella-750ml/p,6,Aguas,951,11.9,11.9,,,False,True,PEN,Delivery Express | Colección FOOD Express,2,https://plazavea.vteximg.com.br/arquivos/ids/530060/20084120.jpg?v=637419672951100000,2026-05-03 20:10
5646,5545,830010,77530967,Agua Mineral SAN MATEO Sin Gas Botella 600ml,SAN MATEO,,agua-mineral-san-mateo-sin-gas-botella-600ml,https://www.plazavea.com.pe/agua-mineral-san-mateo-sin-gas-botella-600ml/p,6,Aguas,951,1.8,1.8,,,False,True,PEN,"Delivery Express | Colección FOOD Express | Promoción Corona Tropical | plazaVea | Home Supermercado| Mundo Desayunos | Mundo Horeca | De todo para tu hotel, restaurante o catering.",5,https://plazavea.vteximg.com.br/arquivos/ids/312677/830010.jpg?v=637219605308370000,2026-05-03 20:10
4842,5098,126884,7750182001199,Agua de Mesa SAN LUIS Con gas Botella 625ml,SAN LUIS,,agua-de-mesa-san-luis-con-gas-botella-625ml,https://www.plazavea.com.pe/agua-de-mesa-san-luis-con-gas-botella-625ml/p,6,Aguas,950,1.9,1.7,,10.5,True,True,PEN,Delivery Express | Colección FOOD Express | SAN LUIS | The Coca Cola Company | San Luis,6,https://plazavea.vteximg.com.br/arquivos/ids/29320803/126884.jpg?v=638591621360200000,2026-05-03 20:10
101991866,12335861,20568565,,Agua con Gas BELL'S Botella 1.5L,BELL'S,,agua-con-gas-bells-botella-1-5l-20568565,https://www.plazavea.com.pe/agua-con-gas-bells-botella-1-5l-20568565/p,6,Aguas,950,1.8,1.8,,,False,True,PEN,,0,https://plazavea.vteximg.com.br/arquivos/ids/34250036/20568565.jpg?v=639113720464930000,2026-05-03 20:10
100816683,11112483,20365944,7758643000460,Agua Tónica MR PERKINS Indian Lata 180ml Paquete 4un,MR PERKINS,,agua-tonica-mr-perkins-indian-lata-180ml-paquete-4un,https://www.plazavea.com.pe/agua-tonica-mr-perkins-indian-lata-180ml-paquete-4un/p,6,Aguas,952,20.9,15.9,,23.9,True,True,PEN,,0,https://plazavea.vteximg.com.br/arquivos/ids/29206239/20365944.jpg?v=638561090288670000,2026-05-03 20:10
100540399,10775152,20327861,7755224000017,Agua Mineral SOCOSANI Piña Botella 500ml,SOCOSANI,,agua-mineral-socosani-pina-botella-500ml,https://www.plazavea.com.pe/agua-mineral-socosani-pina-botella-500ml/p,6,Aguas,953,2.0,1.6,,20.0,True,True,PEN,,0,https://plazavea.vteximg.com.br/arquivos/ids/25682086/20327861.jpg?v=638107293014330000,2026-05-03 20:10
100419812,10604973,20281279,7750182007269,Agua sin Gas SAN LUIS Botella 750ml,SAN LUIS,,agua-sin-gas-san-luis-botella-750ml,https://www.plazavea.com.pe/agua-sin-gas-san-luis-botella-750ml/p,6,Aguas,950,1.7,1.7,,,False,True,PEN,"SAN LUIS | San Luis | plazaVea | San Luis | Mundo Horeca | De todo para tu hotel, restaurante o catering.",4,https://plazavea.vteximg.com.br/arquivos/ids/29320813/20281279.jpg?v=638591621822870000,2026-05-03 20:10
99938797,10031609,20200646,7750182005685,Agua San Luis Sin Gas Botella 1L,SAN LUIS,,agua-san-luis-sin-gas-botella-1l,https://www.plazavea.com.pe/agua-san-luis-sin-gas-botella-1l/p,6,Aguas,950,2.0,1.9,,5.0,True,True,PEN,Colección FOOD Express | SAN LUIS | The Coca Cola Company | San Luis | plazaVea | San Luis,5,https://plazavea.vteximg.com.br/arquivos/ids/29320811/20200646.jpg?v=638591621731630000,2026-05-03 20:10
52778,54183,20181353,7758643000194,Agua Tónica MR PERKINS Pink Soda Botella 200ml Paquete 4un,MR PERKINS,,agua-tonica-mr-perkins-pink-botella-200ml-paquete-4un,https://www.plazavea.com.pe/agua-tonica-mr-perkins-pink-botella-200ml-paquete-4un/p,6,Aguas,952,23.9,19.9,,16.7,True,True,PEN,Delivery Express | Colección FOOD Express | Recicla Consciente | Vive el verano | Agora Producción pendientes PlazaVea,9,https://plazavea.vteximg.com.br/arquivos/ids/14161276/20181353.jpg?v=637938145217300000,2026-05-03 20:10
49058,49394,20172146,7401005909450,Agua sin Gas SAN CARLOS Botella 750ml,SAN CARLOS,,agua-sin-gas-san-carlos-botella-750ml,https://www.plazavea.com.pe/agua-sin-gas-san-carlos-botella-750ml/p,6,Aguas,950,1.2,1.2,,,False,True,PEN,Delivery Express | Colección FOOD Express,2,https://plazavea.vteximg.com.br/arquivos/ids/34341113/20172146.jpg?v=639124922795070000,2026-05-03 20:10
30691,30260,20100954,7755224000284,Agua Mineral SOCOSANI Con Gas Botella 500ml,SOCOSANI,,agua-mineral-socosani-con-gas-botella-500ml,https://www.plazavea.com.pe/agua-mineral-socosani-con-gas-botella-500ml/p,6,Aguas,951,2.5,2.5,,,False,True,PEN,Delivery Express | Colección FOOD Express,2,https://plazavea.vteximg.com.br/arquivos/ids/385994/20100954.jpg?v=637333903688900000,2026-05-03 20:10
5693,5139,918448,,Agua Mineral SAN LUIS sin Gas Botella 1L,SAN LUIS,,agua-de-mesa-san-luis-sin-gas-sport-botella-1l,https://www.plazavea.com.pe/agua-de-mesa-san-luis-sin-gas-sport-botella-1l/p,6,Aguas,951,2.9,2.9,,,False,True,PEN,Delivery Express | Colección FOOD Express | SAN LUIS | The Coca Cola Company | San Luis,6,https://plazavea.vteximg.com.br/arquivos/ids/29505707/918448.jpg?v=638621568445230000,2026-05-03 20:10
5583,5582,20046229,7751912000291,Agua de mesa SAN CARLOS Con gas Botella 500ml,SAN CARLOS,,agua-de-mesa-san-carlos-con-gas-botella-500ml,https://www.plazavea.com.pe/agua-de-mesa-san-carlos-con-gas-botella-500ml/p,6,Aguas,951,1.5,1.5,,,False,True,PEN,Colección FOOD Express | Agora Producción pendientes PlazaVea | plazaVea | Mundo Bebidas,3,https://plazavea.vteximg.com.br/arquivos/ids/493588/20046229.jpg?v=637401125760000000,2026-05-03 20:10
5404,5576,20010961,,Agua Tónica BRITVIC Paquete 4un Lata 150ml,BRITVIC,,agua-tonica-britvic-paquete-4un-lata-150ml,https://www.plazavea.com.pe/agua-tonica-britvic-paquete-4un-lata-150ml/p,6,Aguas,952,18.9,18.9,,,False,True,PEN,Delivery Express | Colección FOOD Express | Vive el verano | Complementos bebidas| Menú Verano | Landing Vinos y Licores | Gin tonic,6,https://plazavea.vteximg.com.br/arquivos/ids/29305725/20010961.jpg?v=638582180916930000,2026-05-03 20:10
115,72,1005652001,7750670244954,Agua de Mesa CIELO Sin gas Botella 625ml,CIELO,,agua-de-mesa-cielo-sin-gas-botella-625ml,https://www.plazavea.com.pe/agua-de-mesa-cielo-sin-gas-botella-625ml/p,6,Aguas,950,1.3,1.3,,,False,True,PEN,Delivery Express | Colección FOOD Express | Makro | Mix Aniversario del 07.07 al 13.07 | Aniversario Makro del 30.06 al 16.07 | Makro | Mix Aniversario del  14.07 al 16.07,8,https://plazavea.vteximg.com.br/arquivos/ids/29322559/1005652001.jpg?v=638593270135830000,2026-05-03 20:10
101957458,12305045,20402221,,Agua sin Gas SAN CARLOS Botella 500ml,SAN CARLOS,,agua-sin-gas-san-carlos-botella-500ml-20402221,https://www.plazavea.com.pe/agua-sin-gas-san-carlos-botella-500ml-20402221/p,6,Aguas,950,0.9,0.9,,,False,True,PEN,,0,https://plazavea.vteximg.com.br/arquivos/ids/34362761/20402221.jpg?v=639125062910230000,2026-05-03 20:10
101934049,12282167,20394896,,Agua sin Gas ANDEA Botella 600ml,ANDEA,,agua-sin-gas-andea-botella-600ml-20394896,https://www.plazavea.com.pe/agua-sin-gas-andea-botella-600ml-20394896/p,6,Aguas,950,1.8,1.8,,,False,True,PEN,,0,https://plazavea.vteximg.com.br/arquivos/ids/34362613/20394896.jpg?v=639125061869200000,2026-05-03 20:10
101576402,11951993,20506743,49000067729,Gaseosa Berry FANTA Lata 355ml,FANTA,,gaseosa-berry-fanta-lata-355ml,https://www.plazavea.com.pe/gaseosa-berry-fanta-lata-355ml/p,6,Aguas,951,6.9,6.9,,,False,True,PEN,,0,https://plazavea.vteximg.com.br/arquivos/ids/31921870/20506743.jpg?v=638913378187500000,2026-05-03 20:10
101201045,11578046,20466743,749874338917,Agua Tónica MR PERKINS 12 Pack Lata 180ml,MR PERKINS,,agua-tonica-mr-perkins-12-pack-lata-180ml,https://www.plazavea.com.pe/agua-tonica-mr-perkins-12-pack-lata-180ml/p,6,Aguas,952,59.9,49.9,,16.7,True,True,PEN,,0,https://plazavea.vteximg.com.br/arquivos/ids/30297326/20466743.jpg?v=638693923661700000,2026-05-03 20:10
100676607,10929868,20353642,8002270015991,Agua Mineral SAN PELLEGRINO con Gas Botella 250ml,SAN PELLEGRINO,,agua-mineral-san-pellegrino-con-gas-botella-250ml,https://www.plazavea.com.pe/agua-mineral-san-pellegrino-con-gas-botella-250ml/p,6,Aguas,951,7.9,7.9,,,False,True,PEN,,0,https://plazavea.vteximg.com.br/arquivos/ids/26270053/20353642.jpg?v=638188493159200000,2026-05-03 20:10
100162930,10267969,K0000002428,,Pack Gin TANQUERAY Botella 700ml + Agua Tónica BRITVIC Paquete 4un Lata 150ml,TANQUERAY,,pack-gin-tanqueray-botella-700ml-agua-tonica-britvic-paquete-4un-lata-150ml,https://www.plazavea.com.pe/pack-gin-tanqueray-botella-700ml-agua-tonica-britvic-paquete-4un-lata-150ml/p,6,Aguas,4211,113.8,84.9,,25.4,True,True,PEN,Mundo Ahorropacks | plazaVea | Bebidas | Tanqueray | plazaVea | Un Verano Refrescante | Las Mejores Bebidas | plazaVea,12,https://plazavea.vteximg.com.br/arquivos/ids/3154393/K0000002428.jpg?v=637727292084600000,2026-05-03 20:10
99950023,10040952,20201156,7750465004022,Agua Tónica BRITVIC Low Calorie Lata 150ml Paquete 4un,BRITVIC,,agua-tonica-britvic-low-calorie-lata-150ml-paquete-4un,https://www.plazavea.com.pe/agua-tonica-britvic-low-calorie-lata-150ml-paquete-4un/p,6,Aguas,952,18.9,18.9,,,False,True,PEN,Colección FOOD Express | Vive el verano | Complementos bebidas| Menú Verano,3,https://plazavea.vteximg.com.br/arquivos/ids/29305727/20201156.jpg?v=638582181001700000,2026-05-03 20:10
99931439,10021753,20193500,2200201935004,Agua sin Gas BELL'S Botella 1L,BELL'S,,agua-sin-gas-bells-botella-1l,https://www.plazavea.com.pe/agua-sin-gas-bells-botella-1l/p,6,Aguas,950,1.8,1.8,,,False,True,PEN,Delivery Express | Colección FOOD Express | Nuestras Marcas | Nuestras Marcas | BELL'S ABARROTES Y BEBIDAS,6,https://plazavea.vteximg.com.br/arquivos/ids/534583/20193500.jpg?v=637420541460330000,2026-05-03 20:10
83187,87643,20192728,2200201927283,Agua sin Gas BELL'S Botella 625ml,BELL'S,,agua-sin-gas-bells-botella-625ml,https://www.plazavea.com.pe/agua-sin-gas-bells-botella-625ml/p,6,Aguas,950,0.8,0.8,,,False,True,PEN,Colección FOOD Express | Nuestras Marcas | Nuestras Marcas | BELL'S ABARROTES Y BEBIDAS | plazaVea | Nuestras Marcas,5,https://plazavea.vteximg.com.br/arquivos/ids/489566/20192728.jpg?v=637396743851970000,2026-05-03 20:10
79839,83756,20192289,7759267000010,Agua Mineral ANDEA sin Gas Botella 330ml,ANDEA,,agua-mineral-andea-sin-gas-botella-330ml,https://www.plazavea.com.pe/agua-mineral-andea-sin-gas-botella-330ml/p,6,Aguas,951,3.9,3.9,,,False,True,PEN,Colección FOOD Express,1,https://plazavea.vteximg.com.br/arquivos/ids/34358318/20192289.jpg?v=639125031717900000,2026-05-03 20:10
79803,83758,20192290,7759267000027,Agua Mineral ANDEA con Gas Botella 330ml,ANDEA,,agua-mineral-andea-con-gas-botella-330ml,https://www.plazavea.com.pe/agua-mineral-andea-con-gas-botella-330ml/p,6,Aguas,951,3.9,3.9,,,False,True,PEN,Colección FOOD Express,1,https://plazavea.vteximg.com.br/arquivos/ids/34358317/20192290.jpg?v=639125031710700000,2026-05-03 20:10
74358,77754,20190927,7751731004418,Agua de Mesa LOA Sin Gas Botella 625ml,LOA,,agua-de-mesa-loa-sin-gas-botella-625ml,https://www.plazavea.com.pe/agua-de-mesa-loa-sin-gas-botella-625ml/p,6,Aguas,950,1.3,1.3,,,False,True,PEN,Colección FOOD Express,1,https://plazavea.vteximg.com.br/arquivos/ids/31375714/20190927.jpg?v=638838896994600000,2026-05-03 20:10
50506,51555,20110402,41508511803,Sparkling Beverage SAN PELLEGRINO Melograno Lata 330ml,SAN PELLEGRINO,,sparkling-beverage-san-pellegrino-melograno-lata-330ml,https://www.plazavea.com.pe/sparkling-beverage-san-pellegrino-melograno-lata-330ml/p,6,Aguas,953,7.5,7.5,,,False,True,PEN,,0,https://plazavea.vteximg.com.br/arquivos/ids/25716799/20110402.jpg?v=638127360360400000,2026-05-03 20:10
32010,32015,20131067,,Agua Tónica MR PERKINS Botella 200ml Paquete 4un,MR PERKINS,,agua-tonica-mr-perkins-botella-200ml-paquete-4un,https://www.plazavea.com.pe/agua-tonica-mr-perkins-botella-200ml-paquete-4un/p,6,Aguas,952,23.9,19.9,,16.7,True,True,PEN,Delivery Express | Colección FOOD Express | Vive el verano | Agora Producción pendientes PlazaVea | Complementos bebidas| Menú Verano,6,https://plazavea.vteximg.com.br/arquivos/ids/14161270/20131067.jpg?v=637938144979300000,2026-05-03 20:10
24015,23963,20126080,,Agua Tónica BRITVIC Paquete 12un Lata 150ml,BRITVIC,,agua-tonica-britvic-paquete-12un-x-lata-150ml,https://www.plazavea.com.pe/agua-tonica-britvic-paquete-12un-x-lata-150ml/p,6,Aguas,952,54.9,54.9,,,False,True,PEN,Colección FOOD Express | Vive el verano | Complementos bebidas| Menú Verano,3,https://plazavea.vteximg.com.br/arquivos/ids/29305726/20126080.jpg?v=638582180961800000,2026-05-03 20:10
5956,5833,20084914,8002270576560,Agua SAN PELLEGRINO Pompelmo Lata 330ml,SAN PELLEGRINO,,agua-san-pellegrino-pompelmo-lata-330ml,https://www.plazavea.com.pe/agua-san-pellegrino-pompelmo-lata-330ml/p,6,Aguas,953,7.5,7.5,,,False,True,PEN,Colección FOOD Express,1,https://plazavea.vteximg.com.br/arquivos/ids/25716803/20084914.jpg?v=638127360509900000,2026-05-03 20:10
4978,4947,20075230,,Agua Mineral EVIAN sin Gas Botella 500ml Paquete 6un,EVIAN,,agua-mineral-evian-sin-gas-paquete-6un-botella-500ml,https://www.plazavea.com.pe/agua-mineral-evian-sin-gas-paquete-6un-botella-500ml/p,6,Aguas,951,42.9,39.9,,7.0,True,True,PEN,Delivery Express,1,https://plazavea.vteximg.com.br/arquivos/ids/324434/20075230.jpg?v=637252434849130000,2026-05-03 20:10
101684533,12069759,20565397,7750670021029,Agua con Gas CIELO Sabor a a Manzana Botella 1.72L,CIELO,,agua-con-gas-cielo-sabor-a-a-manzana-botella-1-72l,https://www.plazavea.com.pe/agua-con-gas-cielo-sabor-a-a-manzana-botella-1-72l/p,6,Aguas,953,4.2,3.9,,7.1,True,True,PEN,,0,https://plazavea.vteximg.com.br/arquivos/ids/34370714/20565397.jpg?v=639125110818200000,2026-05-03 20:10
101576403,11951994,20506738,49000014266,Gaseosa Strawberry FANTA Lata 355ml,FANTA,,gaseosa-strawberry-fanta-lata-355ml,https://www.plazavea.com.pe/gaseosa-strawberry-fanta-lata-355ml/p,6,Aguas,951,6.9,4.9,,29.0,True,True,PEN,,0,https://plazavea.vteximg.com.br/arquivos/ids/31921873/20506738.jpg?v=638913378490730000,2026-05-03 20:10
101576371,11951962,20506498,8445291046214,Agua Mineral con Gas MAISON PERRIER Chic Citrus Fizz Lata 250ml Pack 4un,PERRIER,,agua-mineral-con-gas-maison-perrier-chic-citrus-fizz-lata-250ml-pack-4un,https://www.plazavea.com.pe/agua-mineral-con-gas-maison-perrier-chic-citrus-fizz-lata-250ml-pack-4un/p,6,Aguas,951,28.0,28.0,,,False,True,PEN,,0,https://plazavea.vteximg.com.br/arquivos/ids/31921756/20506498.jpg?v=638913369509830000,2026-05-03 20:10
101576370,11951961,20506497,8445291045828,Agua Mineral con Gas MAISON PERRIER Chic Lemonjito Lata 250ml Pack 4un,PERRIER,,agua-mineral-con-gas-maison-perrier-chic-lemonjito-lata-250ml-pack-4un,https://www.plazavea.com.pe/agua-mineral-con-gas-maison-perrier-chic-lemonjito-lata-250ml-pack-4un/p,6,Aguas,951,28.0,28.0,,,False,True,PEN,,0,https://plazavea.vteximg.com.br/arquivos/ids/31921754/20506497.jpg?v=638913369266170000,2026-05-03 20:10
101032374,11400808,20356056,8002270049941,Agua Mineral con Gas SAN PELLEGRINO 500ml Paquete 6un,SAN PELLEGRINO,,san-pellegrino-agua-miner-cgas-pk-6-bt-500ml,https://www.plazavea.com.pe/san-pellegrino-agua-miner-cgas-pk-6-bt-500ml/p,6,Aguas,951,41.3,41.3,,,False,True,PEN,,0,https://plazavea.vteximg.com.br/arquivos/ids/29038762/20356056.jpg?v=638506663823400000,2026-05-03 20:10
42898,42611,20136607,,Gaseosa COCA COLA sin Azúcar Botella 300ml Paquete 6un,COCA COLA,,gaseosa-coca-cola-sin-azucar-botella-300ml-paquete-6-un,https://www.plazavea.com.pe/gaseosa-coca-cola-sin-azucar-botella-300ml-paquete-6-un/p,7,Gaseosas,1653,8.5,8.5,,,False,True,PEN,Delivery Express | Colección FOOD Express | The Coca Cola Company | The Coca Cola Company | Bebidas AgoraPay,25,https://plazavea.vteximg.com.br/arquivos/ids/33481452/20136607.jpg?v=639041738937430000,2026-05-03 20:10
5550,5094,121306,7750298002325,Gaseosa COCA COLA Sabor Original + INCA KOLA Sabor Original Botella 3L Paquete 2un,COCA COLA,,gaseosa-coca-cola-inca-kola-2-pack-botella-3l,https://www.plazavea.com.pe/gaseosa-coca-cola-inca-kola-2-pack-botella-3l/p,7,Gaseosas,1652,22.9,20.9,,8.7,True,True,PEN,Delivery Express | Recicla Consciente | Gana con Inca Kola | Promoción Qatar Coca Cola | The Coca Cola Company,70,https://plazavea.vteximg.com.br/arquivos/ids/28352830/121306.jpg?v=638359190930930000,2026-05-03 20:10
100526453,10757710,20326041,7750182007733,Pack Gaseosa COCA COLA Botella 1L x 2un,COCA COLA,,pack-gaseosa-coca-cola-botella-1l-x-2un,https://www.plazavea.com.pe/pack-gaseosa-coca-cola-botella-1l-x-2un/p,7,Gaseosas,1652,9.1,7.9,,13.2,True,True,PEN,Vive el verano | The Coca Cola Company | Bebidas AgoraPay | Fanta Misterio | Coca - Cola,14,https://plazavea.vteximg.com.br/arquivos/ids/33481498/20326041.jpg?v=639041739347900000,2026-05-03 20:10
100496615,10715183,20289476,7750182007580,Pack Gaseosa COCA COLA sin Azúcar Botella 1.5L + Gaseosa INCA KOLA sin Azúcar Botella 1.5L,COCA COLA,,pack-gaseosa-coca-cola-sin-azucar-botella-1-5lgaseosa-inca-kola-sin-azucar-botella-1-5l,https://www.plazavea.com.pe/pack-gaseosa-coca-cola-sin-azucar-botella-1-5lgaseosa-inca-kola-sin-azucar-botella-1-5l/p,7,Gaseosas,1652,12.9,11.5,,10.9,True,True,PEN,Vive el verano | The Coca Cola Company | Bebidas AgoraPay | Fanta Misterio | Coca - Cola,27,https://plazavea.vteximg.com.br/arquivos/ids/33481489/20289476.jpg?v=639041739277000000,2026-05-03 20:10
43027,42935,20136609,,Gaseosa INCA KOLA sin Azúcar Botella 300ml Paquete 6un,INCA KOLA,,gaseosa-inca-kola-sin-azucar-botella-300ml-paquete-6un,https://www.plazavea.com.pe/gaseosa-inca-kola-sin-azucar-botella-300ml-paquete-6un/p,7,Gaseosas,1653,8.5,8.5,,,False,True,PEN,Delivery Express | Colección FOOD Express | Gana con Inca Kola | The Coca Cola Company | The Coca Cola Company,20,https://plazavea.vteximg.com.br/arquivos/ids/33481453/20136609.jpg?v=639041738947900000,2026-05-03 20:10
29110,29047,20102556,,Tripack Gaseosa 1 COCA COLA Botella 3L + 1 INCA KOLA Botella 3L + 1 FANTA Botella 3L,INCA KOLA,,gaseosa-inca-kola-coca-cola-fanta-paquete-3un-botella-3l,https://www.plazavea.com.pe/gaseosa-inca-kola-coca-cola-fanta-paquete-3un-botella-3l/p,7,Gaseosas,1652,27.4,24.5,,10.6,True,True,PEN,Delivery Express | Gana con Inca Kola | The Coca Cola Company | Plaza Vea | Bazar | Vive el verano,34,https://plazavea.vteximg.com.br/arquivos/ids/29585762/20102556.jpg?v=638631072246600000,2026-05-03 20:10
25233,25173,20102589,7750182003452,Gaseosa INCA KOLA sin Azúcar Botella 1.5L Paquete 2un,INCA KOLA,,gaseosa-inca-kola-sin-azucar-botella-1-5l-paquete-2un,https://www.plazavea.com.pe/gaseosa-inca-kola-sin-azucar-botella-1-5l-paquete-2un/p,7,Gaseosas,1652,12.9,11.5,,10.9,True,True,PEN,Delivery Express | Colección FOOD Express | Gana con Inca Kola | The Coca Cola Company | Vive el verano,30,https://plazavea.vteximg.com.br/arquivos/ids/21894303/20102589.jpg?v=638044419027800000,2026-05-03 20:10
5678,5652,109849,7750298000444,Gaseosa COCA COLA Sabor Original Botella 3L Two Pack,COCA COLA,,gaseosa-coca-cola-paquete-2un-botella-3l,https://www.plazavea.com.pe/gaseosa-coca-cola-paquete-2un-botella-3l/p,7,Gaseosas,1652,22.9,20.9,,8.7,True,True,PEN,Delivery Express | Gana con Inca Kola | Promoción Qatar Coca Cola | The Coca Cola Company | Plaza Vea | Bazar,61,https://plazavea.vteximg.com.br/arquivos/ids/30630869/109849.jpg?v=638758080646570000,2026-05-03 20:10
5630,5568,985158,7750182000741,Gaseosa COCA COLA sin Azúcar 2Pack Botella 1.5L,COCA COLA,,gaseosa-coca-cola-sin-azucar-2-pack-botella-1-5l,https://www.plazavea.com.pe/gaseosa-coca-cola-sin-azucar-2-pack-botella-1-5l/p,7,Gaseosas,1652,12.9,11.5,,10.9,True,True,PEN,Delivery Express | Colección FOOD Express | Gana con Inca Kola | Antojitos Saludables | Verano Super Fresco,41,https://plazavea.vteximg.com.br/arquivos/ids/28352831/985158.jpg?v=638359194373630000,2026-05-03 20:10
101838495,12199035,20569053,,Gaseosa COCA COLA Botella 600ml Paquete 6un,COCA COLA,,gaseosa-coca-cola-botella-600ml-paquete-6un-20569053,https://www.plazavea.com.pe/gaseosa-coca-cola-botella-600ml-paquete-6un-20569053/p,7,Gaseosas,1653,18.0,18.0,,,False,True,PEN,,0,https://plazavea.vteximg.com.br/arquivos/ids/34471239/20569053.jpg?v=639130820513700000,2026-05-03 20:10
101838494,12199034,20569052,,Gaseosa COCA COLA Zero Botella 600ml Paquete 6un,COCA COLA,,gaseosa-coca-cola-zero-botella-600ml-paquete-6un-20569052,https://www.plazavea.com.pe/gaseosa-coca-cola-zero-botella-600ml-paquete-6un-20569052/p,7,Gaseosas,1653,18.0,15.9,,11.7,True,True,PEN,Cyber Wow Supermercado | abril 2026 | Ver todo | plazaVea | Bebidas | 22.04 al 23.04,2,https://plazavea.vteximg.com.br/arquivos/ids/34471238/20569052.jpg?v=639130820507170000,2026-05-03 20:10
101101939,11473623,20427556,7750182008334,Gaseosas MULTISABOR Botella 300ml Paquete 12un,COCA COLA,,gaseosas-multisabor-botella-300ml-paquete-12un,https://www.plazavea.com.pe/gaseosas-multisabor-botella-300ml-paquete-12un/p,7,Gaseosas,1653,19.5,19.5,,,False,True,PEN,plazaVea | Campaña Arca | plazaVea | Mundo Halloween | Makro | Mundo Halloween,3,https://plazavea.vteximg.com.br/arquivos/ids/29454430/20427556.jpg?v=638617256283530000,2026-05-03 20:10
100526452,10757709,20326040,7750182007726,Pack Gaseosa INCA KOLA Botella 1L x 2un,INCA KOLA,,pack-gaseosa-inca-kola-botella-1l-x-2un,https://www.plazavea.com.pe/pack-gaseosa-inca-kola-botella-1l-x-2un/p,7,Gaseosas,1652,9.1,7.9,,13.2,True,True,PEN,Vive el verano | The Coca Cola Company | Bebidas AgoraPay | Fanta Misterio | Coca - Cola,9,https://plazavea.vteximg.com.br/arquivos/ids/33481497/20326040.jpg?v=639041739341500000,2026-05-03 20:10
70002,73269,20189583,7750182006705,Gaseosa SCHWEPPES Citrus Botella 1.5 L Two Pack,SCHWEPPES,,ginger-ale-schweppes-citrus-botella-1-5l-two-pack,https://www.plazavea.com.pe/ginger-ale-schweppes-citrus-botella-1-5l-two-pack/p,7,Gaseosas,1654,9.9,9.9,,,False,True,PEN,Delivery Express | Colección FOOD Express | Promoción Qatar Coca Cola | The Coca Cola Company | Vive el verano,16,https://plazavea.vteximg.com.br/arquivos/ids/29320809/20189583.jpg?v=638591621629470000,2026-05-03 20:10
70000,73264,20189584,7750182006699,Gaseosa SCHWEPPES Ginger Ale Botella 1.5L Two Pack,SCHWEPPES,,ginger-ale-schweppes-botella-1-5l-two-pack,https://www.plazavea.com.pe/ginger-ale-schweppes-botella-1-5l-two-pack/p,7,Gaseosas,1654,9.9,9.9,,,False,True,PEN,Delivery Express | Colección FOOD Express | Promoción Qatar Coca Cola | The Coca Cola Company | Vive el verano,18,https://plazavea.vteximg.com.br/arquivos/ids/29320810/20189584.jpg?v=638591621668400000,2026-05-03 20:10
28411,28354,20104096,7751655000756,Gaseosa EVERVESS Ginger Ale Botella 1.5L Pack 2un,EVERVESS,,gaseosa-evervess-ginger-ale-botella-1-5l-pack-2un,https://www.plazavea.com.pe/gaseosa-evervess-ginger-ale-botella-1-5l-pack-2un/p,7,Gaseosas,1654,11.9,11.5,,3.4,True,True,PEN,Delivery Express | Colección FOOD Express | Verano Super Fresco | DIPTICO VERANO FRESCO | Vive el verano,17,https://plazavea.vteximg.com.br/arquivos/ids/20590709/20104096.jpg?v=638026274211430000,2026-05-03 20:10
22759,22617,20116220,7750182003919,Gaseosa COCA COLA sin Azúcar Botella 2.25L,COCA COLA,,gaseosa-coca-cola-sin-azucar-botella-2-25l,https://www.plazavea.com.pe/gaseosa-coca-cola-sin-azucar-botella-2-25l/p,7,Gaseosas,1652,9.3,8.5,,8.6,True,True,PEN,Ofertas Oh! | Delivery Express | Colección FOOD Express | The Coca Cola Company | plazaVea | Campaña Arca,5,https://plazavea.vteximg.com.br/arquivos/ids/29202304/20116220.jpg?v=638558262477370000,2026-05-03 20:10
22608,22618,20116221,7750182003933,Gaseosa INCA KOLA sin Azúcar Botella 2.25L,INCA KOLA,,gaseosa-inca-kola-sin-azucar-botella-2-25l,https://www.plazavea.com.pe/gaseosa-inca-kola-sin-azucar-botella-2-25l/p,7,Gaseosas,1652,9.3,8.5,,8.6,True,True,PEN,Ofertas Oh! | Delivery Express | Colección FOOD Express | Gana con Inca Kola | The Coca Cola Company,6,https://plazavea.vteximg.com.br/arquivos/ids/29202303/20116221.jpg?v=638558262049330000,2026-05-03 20:10
5549,5093,118819,,Gaseosa SPRITE Lima Limón Botella 3L,SPRITE,,gaseosa-sprite-botella-3l,https://www.plazavea.com.pe/gaseosa-sprite-botella-3l/p,7,Gaseosas,1652,6.7,6.7,,,False,True,PEN,Delivery Express | Colección FOOD Express | Recicla Consciente | The Coca Cola Company | Vive el verano,19,https://plazavea.vteximg.com.br/arquivos/ids/28872074/118819.jpg?v=638790549398570000,2026-05-03 20:10
5349,5096,109850,7750298966603,Gaseosa INCA KOLA Sabor Original Botella 3L Two Pack,INCA KOLA,,gaseosa-inca-kola-paquete-2un-botella-3l,https://www.plazavea.com.pe/gaseosa-inca-kola-paquete-2un-botella-3l/p,7,Gaseosas,1652,22.9,20.9,,8.7,True,True,PEN,Delivery Express | Gana con Inca Kola | Promoción Qatar Coca Cola | The Coca Cola Company | Vive el verano,58,https://plazavea.vteximg.com.br/arquivos/ids/28516734/109850.jpg?v=638374469721600000,2026-05-03 20:10
5155,5306,36232,7753749001649,Gaseosa GUARANÁ Botella 3L,GUARANÁ,,gaseosa-guarana-botella-3l,https://www.plazavea.com.pe/gaseosa-guarana-botella-3l/p,7,Gaseosas,1652,7.9,5.9,,25.3,True,True,PEN,Ofertas Oh! | Delivery Express | Colección FOOD Express | DIPTICO VERANO FRESCO | Vive el verano,20,https://plazavea.vteximg.com.br/arquivos/ids/6760538/36232.jpg?v=638745587018100000,2026-05-03 20:10
101934086,12282204,20571245,,Gaseosa COCA COLA Botella 1.5L Pack 2un,COCA COLA,,gaseosa-coca-cola-botella-1-5l-pack-2un-20571245,https://www.plazavea.com.pe/gaseosa-coca-cola-botella-1-5l-pack-2un-20571245/p,7,Gaseosas,1652,13.3,13.3,,,False,True,PEN,plazaVea | Novedades | 2026,1,https://plazavea.vteximg.com.br/arquivos/ids/34477815/20571245.jpg?v=639130847512270000,2026-05-03 20:10
101838497,12199037,20569054,,Gaseosa sin Ázucar INCA KOLA Botella 600ml Paquete 6un,INCA KOLA,,gaseosa-sin-azucar-inca-kola-botella-600ml-paquete-6un-20569054,https://www.plazavea.com.pe/gaseosa-sin-azucar-inca-kola-botella-600ml-paquete-6un-20569054/p,7,Gaseosas,1653,18.0,15.9,,11.7,True,True,PEN,,0,https://plazavea.vteximg.com.br/arquivos/ids/34471241/20569054.jpg?v=639130820527070000,2026-05-03 20:10
101838496,12199036,20569057,,Gaseosa INCA KOLA Botella 600ml Paquete 6un,INCA KOLA,,gaseosa-inca-kola-botella-600ml-paquete-6un-20569057,https://www.plazavea.com.pe/gaseosa-inca-kola-botella-600ml-paquete-6un-20569057/p,7,Gaseosas,1653,18.0,18.0,,,False,True,PEN,,0,https://plazavea.vteximg.com.br/arquivos/ids/34471240/20569057.jpg?v=639130820520300000,2026-05-03 20:10
100123681,10219056,20237872,7750182003001,Gaseosa SPRITE Botella 500ml Paquete 6un,SPRITE,,gaseosa-sprite-botella-500ml-paquete-6un,https://www.plazavea.com.pe/gaseosa-sprite-botella-500ml-paquete-6un/p,7,Gaseosas,1653,13.5,13.5,,,False,True,PEN,The Coca Cola Company | Bebidas AgoraPay | Fanta Misterio | Coca - Cola | plazaVea | Sprite Nuevo Sabor,12,https://plazavea.vteximg.com.br/arquivos/ids/28872080/20237872.jpg?v=638464012818030000,2026-05-03 20:10
99941094,10033907,20200390,7750182006095,Gaseosa COCA COLA Sabor Original Botella 600ml,COCA COLA,null,gaseosa-coca-cola-sabor-original-botella-600ml,https://www.plazavea.com.pe/gaseosa-coca-cola-sabor-original-botella-600ml/p,7,Gaseosas,1653,3.6,3.6,,,False,True,PEN,Colección FOOD Express | The Coca Cola Company | The Coca Cola Company | Bebidas AgoraPay | Landing Makro | Refresca tu Hogar al por Mayor,7,https://plazavea.vteximg.com.br/arquivos/ids/415005/20200390.jpg?v=637370980184570000,2026-05-03 20:10
99927520,10017718,20198128,7750182006989,Tripack Gaseosa FANTA Naranja Botella 3L + FANTA Kola Inglesa Botella 3L + SPRITE Botella 3L,FANTA,,tripack-gaseosa-fanta-naranja-botella-3lfanta-kola-inglesa-botella-3lsprite-botella-3l,https://www.plazavea.com.pe/tripack-gaseosa-fanta-naranja-botella-3lfanta-kola-inglesa-botella-3lsprite-botella-3l/p,7,Gaseosas,1652,19.3,19.3,,,False,True,PEN,Delivery Express | Gana con Inca Kola | Promoción Qatar Coca Cola | The Coca Cola Company | DIPTICO VERANO FRESCO,19,https://plazavea.vteximg.com.br/arquivos/ids/24844519/20198128.jpg?v=638090215083170000,2026-05-03 20:10
40755,40754,35671,,Gaseosa SPRITE Botella 2.25L,SPRITE,,gaseosa-sprite-botella-2-25l,https://www.plazavea.com.pe/gaseosa-sprite-botella-2-25l/p,7,Gaseosas,1652,6.4,6.4,,,False,True,PEN,Delivery Express | Colección FOOD Express | The Coca Cola Company | Vive el verano | Bebidas AgoraPay,13,https://plazavea.vteximg.com.br/arquivos/ids/33481439/35671.jpg?v=639041738803500000,2026-05-03 20:10
30941,30857,20147047,7750182005678,Gaseosa INCA KOLA + COCA COLA Botella 3L Paquete 3un,INCA KOLA,,gaseosa-inca-kola-coca-cola-botella-3l-paquete-3un,https://www.plazavea.com.pe/gaseosa-inca-kola-coca-cola-botella-3l-paquete-3un/p,7,Gaseosas,1652,33.09,32.9,,0.6,True,True,PEN,Delivery Express | Gana con Inca Kola | Promoción Qatar Coca Cola | Lo más buscado en el Supermercado | The Coca Cola Company,40,https://plazavea.vteximg.com.br/arquivos/ids/30630876/20147047.jpg?v=638758081212530000,2026-05-03 20:10
28298,28236,20139554,,Gaseosa INCA KOLA sin Azúcar Botella 1L,INCA KOLA,,gaseosa-inca-kola-zero-botella-1l,https://www.plazavea.com.pe/gaseosa-inca-kola-zero-botella-1l/p,7,Gaseosas,1652,4.7,4.0,,14.9,True,True,PEN,Delivery Express | Colección FOOD Express | The Coca Cola Company | The Coca Cola Company | Bebidas AgoraPay,14,https://plazavea.vteximg.com.br/arquivos/ids/24844420/20139554.jpg?v=638090214265570000,2026-05-03 20:10
28295,28237,20139555,7750182005456,Gaseosa COCA COLA sin Azúcar Botella 1L,COCA COLA,null,gaseosa-coca-cola-zero-botella-1l,https://www.plazavea.com.pe/gaseosa-coca-cola-zero-botella-1l/p,7,Gaseosas,1652,4.7,4.0,,14.9,True,True,PEN,Delivery Express | Colección FOOD Express | The Coca Cola Company | The Coca Cola Company | Bebidas AgoraPay,14,https://plazavea.vteximg.com.br/arquivos/ids/24844498/20139555.jpg?v=638090214427700000,2026-05-03 20:10
18485,18513,20109401,,Gaseosa COCA COLA Botella 300ml Paquete 6un,COCA COLA,,gaseosa-coca-cola-botella-300ml-paquete-6un-vidrio,https://www.plazavea.com.pe/gaseosa-coca-cola-botella-300ml-paquete-6un-vidrio/p,7,Gaseosas,1653,17.0,17.0,,,False,True,PEN,Delivery Express | The Coca Cola Company | Fanta Misterio | Coca - Cola | plazaVea | Sprite Nuevo Sabor,9,https://plazavea.vteximg.com.br/arquivos/ids/31352206/20109401.jpg?v=638834976465270000,2026-05-03 20:10
15226,15132,20111230,7750182001236,Gaseosa COCA COLA Sabor Original Botella 1L,COCA COLA,null,gaseosa-coca-cola-botella-1l,https://www.plazavea.com.pe/gaseosa-coca-cola-botella-1l/p,7,Gaseosas,1652,5.0,5.0,,,False,True,PEN,Delivery Express | Colección FOOD Express | The Coca Cola Company | The Coca Cola Company | Bebidas AgoraPay,15,https://plazavea.vteximg.com.br/arquivos/ids/30630868/20111230.jpg?v=638758080568470000,2026-05-03 20:10
5411,5225,20057689,7750182002394,Gaseosa FANTA KOLA INGLESA Botella 3L,FANTA,,gaseosa-fanta-kola-inglesa-botella-3l,https://www.plazavea.com.pe/gaseosa-fanta-kola-inglesa-botella-3l/p,7,Gaseosas,1652,6.7,6.7,,,False,True,PEN,Delivery Express | Colección FOOD Express | The Coca Cola Company | Vive el verano | Bebidas AgoraPay,15,https://plazavea.vteximg.com.br/arquivos/ids/34331911/20057689.jpg?v=639124909004130000,2026-05-03 20:10
5151,5307,29856,,Gaseosa FANTA Naranja Botella 3L,FANTA,,gaseosa-fanta-naranja-botella-3l,https://www.plazavea.com.pe/gaseosa-fanta-naranja-botella-3l/p,7,Gaseosas,1652,6.7,6.7,,,False,True,PEN,Delivery Express | Colección FOOD Express | The Coca Cola Company | Vive el verano | Bebidas AgoraPay,14,https://plazavea.vteximg.com.br/arquivos/ids/34331912/29856.jpg?v=639124909015700000,2026-05-03 20:10
101989242,12334020,20621704,,Gaseosa FANTA Uva Botella 500ml,FANTA,,gaseosa-fanta-uva-botella-500ml-20621704,https://www.plazavea.com.pe/gaseosa-fanta-uva-botella-500ml-20621704/p,7,Gaseosas,1653,2.7,2.7,,,False,True,PEN,,0,https://plazavea.vteximg.com.br/arquivos/ids/34308381/20621704.jpg?v=639124029805730000,2026-05-03 20:10
101934087,12282205,20571248,,Gaseosa COCA COLA + INCA KOLA Botella 1.5L Pack 2un,COCA COLA,,gaseosa-coca-colainca-kola-botella-1-5l-pack-2un-20571248,https://www.plazavea.com.pe/gaseosa-coca-colainca-kola-botella-1-5l-pack-2un-20571248/p,7,Gaseosas,1652,13.3,13.3,,,False,True,PEN,plazaVea | Novedades | 2026,1,https://plazavea.vteximg.com.br/arquivos/ids/34477816/20571248.jpg?v=639130847520700000,2026-05-03 20:10
101924932,12274759,20570911,,Gaseosa HEY FIT Soda Summer Breeze Botella 600ml,HEY FIT,,gaseosa-hey-fit-soda-summer-breeze-botella-600ml-20570911,https://www.plazavea.com.pe/gaseosa-hey-fit-soda-summer-breeze-botella-600ml-20570911/p,7,Gaseosas,1653,2.7,2.7,,,False,True,PEN,plazaVea | Novedades | 2026,1,https://plazavea.vteximg.com.br/arquivos/ids/34477002/20570911.jpg?v=639130843119400000,2026-05-03 20:10
101924931,12274758,20570908,,Gaseosa HEY FIT Soda Tango Twist Botella 600ml,HEY FIT,,gaseosa-hey-fit-soda-tango-twist-botella-600ml-20570908,https://www.plazavea.com.pe/gaseosa-hey-fit-soda-tango-twist-botella-600ml-20570908/p,7,Gaseosas,1653,2.7,2.7,,,False,True,PEN,plazaVea | Novedades | 2026,1,https://plazavea.vteximg.com.br/arquivos/ids/34477001/20570908.jpg?v=639130843109300000,2026-05-03 20:10
101219551,11596546,20467565,7750182008631,Gaseosa FANTA Naranja + FANTA Kola Inglesa + INKA KOLA Botella 3L Pack 3un,FANTA,,gaseosa-fanta-naranjafanta-kola-inglesainka-kola-botella-3l-pack-3un,https://www.plazavea.com.pe/gaseosa-fanta-naranjafanta-kola-inglesainka-kola-botella-3l-pack-3un/p,7,Gaseosas,1652,23.3,22.8,,2.1,True,True,PEN,plazaVea | Campaña Arca,1,https://plazavea.vteximg.com.br/arquivos/ids/34365262/20467565.jpg?v=639125079208270000,2026-05-03 20:10
100123678,10219053,20237874,7750182002998,Gaseosa FANTA Naranja Botella 500ml Paquete 6un,FANTA,,gaseosa-fanta-naranja-botella-500ml-paquete-6un,https://www.plazavea.com.pe/gaseosa-fanta-naranja-botella-500ml-paquete-6un/p,7,Gaseosas,1653,13.5,13.5,,,False,True,PEN,The Coca Cola Company | Bebidas AgoraPay | Fanta Misterio | Coca - Cola | plazaVea | Sprite Nuevo Sabor,10,https://plazavea.vteximg.com.br/arquivos/ids/30630879/20237874.jpg?v=638758081377400000,2026-05-03 20:10
99941095,10033908,20200389,7750182006088,Gaseosa INCA KOLA Sabor Original Botella 600ml,INCA KOLA,null,gaseosa-inca-kola-sabor-original-botella-600ml,https://www.plazavea.com.pe/gaseosa-inca-kola-sabor-original-botella-600ml/p,7,Gaseosas,1653,3.6,3.6,,,False,True,PEN,Colección FOOD Express | The Coca Cola Company | The Coca Cola Company | Bebidas AgoraPay | Landing Makro | Refresca tu Hogar al por Mayor,10,https://plazavea.vteximg.com.br/arquivos/ids/415006/20200389.jpg?v=637370980289900000,2026-05-03 20:10
53180,54624,20183308,7401005910395,Gaseosa PEPSI + 7UP + CONCORDIA Piña Botella 3L Paquete 3un,PEPSI,,gaseosa-pepsi-7up-concordia-pina-botella-3l-paquete-3un,https://www.plazavea.com.pe/gaseosa-pepsi-7up-concordia-pina-botella-3l-paquete-3un/p,7,Gaseosas,1652,20.9,20.9,,,False,True,PEN,Delivery Express | Vive el verano | Bebidas AgoraPay,3,https://plazavea.vteximg.com.br/arquivos/ids/1557277/20183308.jpg?v=637556844512670000,2026-05-03 20:10
30984,30924,20147381,7750182005661,Gaseosa INCA KOLA Sabor Original 2 Botellas 3L + Gaseosa COCA COLA Sabor Original 1 Botella 3L,COCA COLA,,gaseosa-coca-cola-inca-kola-botella-3l-paquete-3un,https://www.plazavea.com.pe/gaseosa-coca-cola-inca-kola-botella-3l-paquete-3un/p,7,Gaseosas,1652,33.09,32.9,,0.6,True,True,PEN,Delivery Express | Gana con Inca Kola | Promoción Qatar Coca Cola | The Coca Cola Company | Plaza Vea | Bazar,35,https://plazavea.vteximg.com.br/arquivos/ids/28352946/20147381.jpg?v=638359258244500000,2026-05-03 20:10
26993,26942,20138395,7401005909054,Gaseosa PEPSI Zero Black Botella 355ml,PEPSI,,gaseosa-pepsi-zero-black-botella-355ml,https://www.plazavea.com.pe/gaseosa-pepsi-zero-black-botella-355ml/p,7,Gaseosas,1653,1.5,1.5,,,False,True,PEN,Colección FOOD Express | Bebidas AgoraPay | plazaVea | Mundo Bebidas,3,https://plazavea.vteximg.com.br/arquivos/ids/30892709/20138395.jpg?v=638779408257930000,2026-05-03 20:10
15227,15148,20111231,,Gaseosa INCA KOLA Sabor Original Botella 1L,INCA KOLA,,gaseosa-inca-kola-sabor-original-botella-1l,https://www.plazavea.com.pe/gaseosa-inca-kola-sabor-original-botella-1l/p,7,Gaseosas,1652,5.0,5.0,,,False,True,PEN,Delivery Express | Colección FOOD Express | Gana con Inca Kola | The Coca Cola Company | The Coca Cola Company,16,https://plazavea.vteximg.com.br/arquivos/ids/28516733/20111231.jpg?v=638374467426630000,2026-05-03 20:10
5631,5172,987120,7750182000703,Gaseosa COCA COLA sin Azúcar Botella 1.5L,COCA COLA,null,gaseosa-coca-cola-sin-azucar-botella-1-5l,https://www.plazavea.com.pe/gaseosa-coca-cola-sin-azucar-botella-1-5l/p,7,Gaseosas,1652,7.2,6.9,,4.2,True,True,PEN,Delivery Express | Colección FOOD Express | The Coca Cola Company | Vive el verano | The Coca Cola Company,18,https://plazavea.vteximg.com.br/arquivos/ids/30630870/987120.jpg?v=638758080764470000,2026-05-03 20:10
5537,5470,20089515,,Gaseosa CRUSH Naranja Botella 3L,CRUSH,,gaseosa-crush-naranja-botella-3l,https://www.plazavea.com.pe/gaseosa-crush-naranja-botella-3l/p,7,Gaseosas,1652,5.9,5.9,,,False,True,PEN,Delivery Express | Colección FOOD Express | The Coca Cola Company | Vive el verano | Bebidas AgoraPay,14,https://plazavea.vteximg.com.br/arquivos/ids/24844284/20089515.jpg?v=638090213181270000,2026-05-03 20:10
5148,5295,21130,7750182001250,Gaseosa COCA COLA Sabor Original Botella 3L,COCA COLA,,gaseosa-coca-cola-botella-3l,https://www.plazavea.com.pe/gaseosa-coca-cola-botella-3l/p,7,Gaseosas,1652,12.6,12.6,,,False,True,PEN,Delivery Express | Colección FOOD Express | The Coca Cola Company | Vive el verano | The Coca Cola Company,27,https://plazavea.vteximg.com.br/arquivos/ids/24844290/21130.jpg?v=638773269633600000,2026-05-03 20:10
4982,5243,20075684,7751580001101,Gaseosa EVERVESS Ginger Ale Botella 1.5L,EVERVESS,,gaseosa-evervess-ginger-ale-botella-1-5l,https://www.plazavea.com.pe/gaseosa-evervess-ginger-ale-botella-1-5l/p,7,Gaseosas,1654,6.0,6.0,,,False,True,PEN,Delivery Express | Colección FOOD Express | Vive el verano | Especial Parrillas | Complementos bebidas| Menú Verano,13,https://plazavea.vteximg.com.br/arquivos/ids/20590595/20075684.jpg?v=638026274029930000,2026-05-03 20:10
4941,5263,20074010,,Gaseosa CONCORDIA Piña Botella 3L,CONCORDIA,,gaseosa-concordia-pina-botella-3l,https://www.plazavea.com.pe/gaseosa-concordia-pina-botella-3l/p,7,Gaseosas,1652,6.2,6.2,,,False,True,PEN,Delivery Express | Colección FOOD Express | Vive el verano | Bebidas AgoraPay | Makro | Bebidas del 11.08 al 13.08,5,https://plazavea.vteximg.com.br/arquivos/ids/33481447/20074010.jpg?v=639041738884170000,2026-05-03 20:10
4932,5439,20073647,,Gaseosa SEVEN UP Lima Limón Botella 3L,SEVEN UP,,gaseosa-seven-up-botella-3l,https://www.plazavea.com.pe/gaseosa-seven-up-botella-3l/p,7,Gaseosas,1652,6.5,6.5,,,False,True,PEN,Delivery Express | Colección FOOD Express | Vive el verano | Bebidas AgoraPay | Marko | Precios redondos,5,https://plazavea.vteximg.com.br/arquivos/ids/318907/20073647.jpg?v=637238860720430000,2026-05-03 20:10
101934083,12282201,20571244,,Gaseosa INCA KOLA Botella 1.5L Pack 2un,INCA KOLA,,gaseosa-inca-kola-botella-1-5l-pack-2un-20571244,https://www.plazavea.com.pe/gaseosa-inca-kola-botella-1-5l-pack-2un-20571244/p,7,Gaseosas,1652,13.3,13.3,,,False,True,PEN,plazaVea | Novedades | 2026,1,https://plazavea.vteximg.com.br/arquivos/ids/34477812/20571244.jpg?v=639130847492330000,2026-05-03 20:10
101838498,12199038,20569056,,Gaseosa COCA COLA Zero Botella 600ml,COCA COLA,,gaseosa-coca-cola-zero-botella-600ml-20569056,https://www.plazavea.com.pe/gaseosa-coca-cola-zero-botella-600ml-20569056/p,7,Gaseosas,1652,3.6,3.6,,,False,True,PEN,,0,https://plazavea.vteximg.com.br/arquivos/ids/34471242/20569056.jpg?v=639130820533930000,2026-05-03 20:10
101838493,12199033,20569055,,Gaseosa sin Ázucar INCA KOLA Botella 600ml,INCA KOLA,null,gaseosa-sin-azucar-inca-kola-botella-600ml-20569055,https://www.plazavea.com.pe/gaseosa-sin-azucar-inca-kola-botella-600ml-20569055/p,7,Gaseosas,1653,3.6,3.6,,,False,True,PEN,,0,https://plazavea.vteximg.com.br/arquivos/ids/34471237/20569055.jpg?v=639130820496500000,2026-05-03 20:10
101624838,12010288,20561322,7753749009225,Gseosa GUARANÁ Sabor a Piña Botella 3.10L,GUARANÁ,,gseosa-guarana-sabor-a-pina-botella-3-10l,https://www.plazavea.com.pe/gseosa-guarana-sabor-a-pina-botella-3-10l/p,7,Gaseosas,1652,7.9,5.9,,25.3,True,True,PEN,,0,https://plazavea.vteximg.com.br/arquivos/ids/34370377/20561322.jpg?v=639125108829830000,2026-05-03 20:10
101123775,11496106,20462431,7801610350355,Gaseosa COCA COLA GASEOSA sin Azúcar Lata 350ml,COCA COLA,,gaseosa-coca-cola-gaseosa-sin-azucar-lata-350ml,https://www.plazavea.com.pe/gaseosa-coca-cola-gaseosa-sin-azucar-lata-350ml/p,7,Gaseosas,1653,6.9,6.9,,,False,True,PEN,plazaVea | Campaña Arca,1,https://plazavea.vteximg.com.br/arquivos/ids/30631142/20462431.jpg?v=638758087945330000,2026-05-03 20:10
101123727,11496058,20433371,7801610001196,Gaseosa COCA COLA Sabor Original Lata 350ml,COCA COLA,,gaseosa-coca-cola-sabor-original-lata-350ml,https://www.plazavea.com.pe/gaseosa-coca-cola-sabor-original-lata-350ml/p,7,Gaseosas,1653,6.9,6.9,,,False,True,PEN,plazaVea | Campaña Arca | Makro | Mundo Halloween | plazaVea | Mundo Bebidas,3,https://plazavea.vteximg.com.br/arquivos/ids/30631141/20433371.jpg?v=638758087890230000,2026-05-03 20:10
101123616,11495947,20426698,7401005914676,Gaseosa PEPSI Cola Botella 2L,PEPSI,,gaseosa-pepsi-cola-botella-2l,https://www.plazavea.com.pe/gaseosa-pepsi-cola-botella-2l/p,7,Gaseosas,1652,6.5,6.5,,,False,True,PEN,Landing Makro | Refresca tu hogar | Marko | Precios redondos,2,https://plazavea.vteximg.com.br/arquivos/ids/30892716/20426698.jpg?v=638779408549530000,2026-05-03 20:10
101123613,11495944,20426701,7401005914690,Gaseosa PEPSI Cola Botella 3L,PEPSI,,gaseosa-pepsi-cola-botella-3l,https://www.plazavea.com.pe/gaseosa-pepsi-cola-botella-3l/p,7,Gaseosas,1652,9.5,8.5,,10.5,True,True,PEN,,0,https://plazavea.vteximg.com.br/arquivos/ids/30892713/20426701.jpg?v=638779408428070000,2026-05-03 20:10
101089401,11458432,20426694,7401005914614,Gaseosa PEPSI Cola Botella 355ml,PEPSI,null,gaseosa-pepsi-cola-botella-355ml,https://www.plazavea.com.pe/gaseosa-pepsi-cola-botella-355ml/p,7,Gaseosas,1653,1.5,1.5,,,False,True,PEN,"Landing Makro | Refresca tu Hogar al por Mayor | Makro | Mundo Arma tu Fiesta Infantil | Aniversario Makro del 30.06 al 16.07 | Mundo Horeca | De todo para tu hotel, restaurante o catering. | Aniversario Makro del 17.07 al 30.07",8,https://plazavea.vteximg.com.br/arquivos/ids/30892717/20426694.jpg?v=638779408590430000,2026-05-03 20:10
101066587,11434427,20424988,7750182008273,Gaseosa FANTA Kola Inglesa Botella 500ml Paquete 6un,FANTA,null,gaseosa-fanta-kola-inglesa-botella-500ml-paquete-6un,https://www.plazavea.com.pe/gaseosa-fanta-kola-inglesa-botella-500ml-paquete-6un/p,7,Gaseosas,1653,13.5,13.5,,,False,True,PEN,plazaVea | Campaña Arca | plazaVea | Mundo Halloween | Makro | Mundo Halloween,3,https://plazavea.vteximg.com.br/arquivos/ids/29631439/20424988.jpg?v=638636555539930000,2026-05-03 20:10
101066573,11434413,20256776,7750182007450,Pack Gaseosa COCA COLA Sabor Original Botella 2.5L Paquete 2un,COCA COLA,,pack-gaseosa-coca-cola-sabor-original-botella-2-5l-paquete-2un,https://www.plazavea.com.pe/pack-gaseosa-coca-cola-sabor-original-botella-2-5l-paquete-2un/p,7,Gaseosas,1652,18.6,18.6,,,False,True,PEN,Landing Vinos y Licores | Fernet Branca con Coca | Arca | RM | plazaVea | Campaña Arca,3,https://plazavea.vteximg.com.br/arquivos/ids/33481476/20256776.jpg?v=639041739164000000,2026-05-03 20:10
100488508,10695968,20283346,7750182005609,Gaseosa Kola Inglesa FANTA Botella 2.25L,FANTA,,gaseosa-kola-inglesa-fanta-botella-2-25l,https://www.plazavea.com.pe/gaseosa-kola-inglesa-fanta-botella-2-25l/p,7,Gaseosas,1652,5.9,5.9,,,False,True,PEN,Vive el verano | Bebidas AgoraPay | Fanta Misterio | Coca - Cola | plazaVea | Sprite Nuevo Sabor,8,https://plazavea.vteximg.com.br/arquivos/ids/33481488/20283346.jpg?v=639041739267770000,2026-05-03 20:10
100137586,10235122,20241176,7401005913136,Pack Gaseosa PEPSI Botella 1.5L Paquete 2un,PEPSI,,pack-gaseosa-pepsi-botella-1-5l-paquete-2un,https://www.plazavea.com.pe/pack-gaseosa-pepsi-botella-1-5l-paquete-2un/p,7,Gaseosas,1652,9.9,9.9,,,False,True,PEN,Vive el verano | Bebidas AgoraPay,2,https://plazavea.vteximg.com.br/arquivos/ids/29153953/20241176.jpg?v=638538626026400000,2026-05-03 20:10
100094795,10184546,K0000001004,,Pack Vodka SMIRNOFF Apple Botella 700ml + Ginger Ale EVERVESS Botella 1.5L,SMIRNOFF,,pack-smirnoff-apple-botella-700ml-evervess-ginger-ale-botella-1-5l,https://www.plazavea.com.pe/pack-smirnoff-apple-botella-700ml-evervess-ginger-ale-botella-1-5l/p,7,Gaseosas,4211,45.9,35.9,,21.8,True,True,PEN,Mundo Ahorropacks | Bebidas AgoraPay | plazaVea | Un Verano Refrescante | Las Mejores Bebidas | plazaVea | plazaVea | Pack de Licores | Del 28 al 31/10,17,https://plazavea.vteximg.com.br/arquivos/ids/29586114/K0000001004.jpg?v=638633048810830000,2026-05-03 20:10
100023248,10118361,20193576,2200201935769,Gaseosa BELL'S Ginger Cero Azúcar Botella 1.5L,BELL'S,,gaseosa-bells-ginger-cero-azucar-botella-1-5l,https://www.plazavea.com.pe/gaseosa-bells-ginger-cero-azucar-botella-1-5l/p,7,Gaseosas,1654,3.9,3.9,,,False,True,PEN,Nuestras Marcas | Nuestras Marcas | Vive el verano | Complementos bebidas| Menú Verano | Marcas Propias,5,https://plazavea.vteximg.com.br/arquivos/ids/1256472/20193576.jpg?v=637517635395030000,2026-05-03 20:10
52815,54169,20181354,7758643000088,Ginger Beer MR PERKINS Botella 200ml Paquete 4un,MR PERKINS,,ginger-beer-mr-perkins-botella-200ml-paquete-4un,https://www.plazavea.com.pe/ginger-beer-mr-perkins-botella-200ml-paquete-4un/p,7,Gaseosas,1654,23.9,19.9,,16.7,True,True,PEN,Delivery Express | Colección FOOD Express | Vive el verano | Complementos bebidas| Menú Verano | Alienta con Precios Bajos,8,https://plazavea.vteximg.com.br/arquivos/ids/14161275/20181354.jpg?v=637938145181230000,2026-05-03 20:10
42966,42822,20109400,,Gaseosa INCA KOLA Botella Vidrio 300ml Paquete 6un,INCA KOLA,,gaseosa-inca-kola-botella-vidrio-300ml-paquete-6un,https://www.plazavea.com.pe/gaseosa-inca-kola-botella-vidrio-300ml-paquete-6un/p,7,Gaseosas,1653,17.0,17.0,,,False,True,PEN,Delivery Express | Fanta Misterio | Coca - Cola | plazaVea | Sprite Nuevo Sabor | plazaVea | Fanta,9,https://plazavea.vteximg.com.br/arquivos/ids/33481436/20109400.jpg?v=639041738767300000,2026-05-03 20:10
32026,32028,5063,7750182698337,Gaseosa FANTA Naranja Botella 2.25L,FANTA,,gaseosa-fanta-naranja-botella-2-25l,https://www.plazavea.com.pe/gaseosa-fanta-naranja-botella-2-25l/p,7,Gaseosas,1652,6.4,6.4,,,False,True,PEN,Delivery Express | Colección FOOD Express | The Coca Cola Company | Vive el verano | Bebidas AgoraPay,13,https://plazavea.vteximg.com.br/arquivos/ids/34331916/5063.jpg?v=639124909050330000,2026-05-03 20:10
29472,29379,20144884,7401005909078,Gaseosa PEPSI Black Botella 3L,PEPSI BLACK,,gaseosa-pepsi-black-botella-3l,https://www.plazavea.com.pe/gaseosa-pepsi-black-botella-3l/p,7,Gaseosas,1652,9.0,8.5,,5.6,True,True,PEN,Delivery Express | Colección FOOD Express | Vive el verano | Bebidas AgoraPay | plazaVea | HP | 04.08.25,7,https://plazavea.vteximg.com.br/arquivos/ids/33481467/20144884.jpg?v=639041739099170000,2026-05-03 20:10
13233,11565,20100019,7750182000796,Gaseosa COCA COLA Botella 2.25L,COCA COLA,,gaseosa-coca-cola-botella-2-25l,https://www.plazavea.com.pe/gaseosa-coca-cola-botella-2-25l/p,7,Gaseosas,1652,9.3,9.3,,,False,True,PEN,Delivery Express | Colección FOOD Express | The Coca Cola Company | plazaVea | Campaña Arca | Aniversario Makro del 30.06 al 16.07,7,https://plazavea.vteximg.com.br/arquivos/ids/529986/20100019.jpg?v=638774158092130000,2026-05-03 20:10
5627,5305,49731,,Gaseosa GUARANÁ Botella 2L,GUARANÁ,,gaseosa-guarana-botella-2l,https://www.plazavea.com.pe/gaseosa-guarana-botella-2l/p,7,Gaseosas,1652,5.9,5.2,,11.9,True,True,PEN,Delivery Express | Colección FOOD Express | Vive el verano | Promoción Corona Tropical | Bebidas AgoraPay,5,https://plazavea.vteximg.com.br/arquivos/ids/6760537/49731.jpg?v=637805496862200000,2026-05-03 20:10
5472,5442,20073702,7750182002691,Ginger Ale SCHWEPPES Citrus Botella 500ml,SCHWEPPES,,gaseosa-schweppes-citrus-botella-500ml,https://www.plazavea.com.pe/gaseosa-schweppes-citrus-botella-500ml/p,7,Gaseosas,1654,2.9,2.9,,,False,True,PEN,Delivery Express | Colección FOOD Express | The Coca Cola Company | Bebidas AgoraPay | Fanta Misterio,12,https://plazavea.vteximg.com.br/arquivos/ids/29320800/20073702.jpg?v=638591621224430000,2026-05-03 20:10
5374,5125,382618,7750182000321,Gaseosa SPRITE Botella 500ml,SPRITE,null,gaseosa-sprite-botella-500ml,https://www.plazavea.com.pe/gaseosa-sprite-botella-500ml/p,7,Gaseosas,1653,2.7,2.7,,,False,True,PEN,Delivery Express | Colección FOOD Express | The Coca Cola Company | Bebidas AgoraPay | Fanta Misterio,11,https://plazavea.vteximg.com.br/arquivos/ids/33481457/382618.jpg?v=639041739014530000,2026-05-03 20:10
5367,5297,21186,,Gaseosa INCA KOLA Sabor Original Botella 3L,INCA KOLA,,gaseosa-inca-kola-botella-3l,https://www.plazavea.com.pe/gaseosa-inca-kola-botella-3l/p,7,Gaseosas,1652,12.6,12.6,,,False,True,PEN,Delivery Express | Colección FOOD Express | The Coca Cola Company | Vive el verano | The Coca Cola Company,27,https://plazavea.vteximg.com.br/arquivos/ids/28516738/21186.jpg?v=638773303735170000,2026-05-03 20:10
5189,5090,76296,7750182155663,Gaseosa COCA COLA Sabor Original Botella 1.5L,COCA COLA,null,gaseosa-coca-cola-botella-1-5l,https://www.plazavea.com.pe/gaseosa-coca-cola-botella-1-5l/p,7,Gaseosas,1652,7.2,6.9,,4.2,True,True,PEN,Delivery Express | Colección FOOD Express | The Coca Cola Company | Arca | RM | plazaVea | Arca Continental | 13 al 15 dic,11,https://plazavea.vteximg.com.br/arquivos/ids/29148582/76296.jpg?v=638532576985200000,2026-05-03 20:10
5157,5549,382595,7750182220378,Gaseosa FANTA Naranja Botella 500ml,FANTA,,gaseosa-fanta-naranja-botella-500ml,https://www.plazavea.com.pe/gaseosa-fanta-naranja-botella-500ml/p,7,Gaseosas,1653,2.7,2.7,,,False,True,PEN,Delivery Express | Colección FOOD Express | The Coca Cola Company | Bebidas AgoraPay | Fanta Misterio,11,https://plazavea.vteximg.com.br/arquivos/ids/34333856/382595.jpg?v=639124920012630000,2026-05-03 20:10
5150,5303,2598,7751912000352,Gaseosa EVERVESS Ginger Ale Botella 500ml,EVERVESS,,gaseosa-evervess-ginger-ale-botella-500ml,https://www.plazavea.com.pe/gaseosa-evervess-ginger-ale-botella-500ml/p,7,Gaseosas,1654,2.5,2.5,,,False,True,PEN,Delivery Express | Colección FOOD Express | Vive el verano | Complementos bebidas| Menú Verano,4,https://plazavea.vteximg.com.br/arquivos/ids/20590454/2598.jpg?v=638026273866330000,2026-05-03 20:10
5050,5586,20057688,7750182002363,Gaseosa KOLA INGLESA Botella 500ml,FANTA,,gaseosa-kola-inglesa-botella-500ml,https://www.plazavea.com.pe/gaseosa-kola-inglesa-botella-500ml/p,7,Gaseosas,1653,2.7,2.7,,,False,True,PEN,Delivery Express | Colección FOOD Express | The Coca Cola Company | Bebidas AgoraPay | Fanta Misterio,13,https://plazavea.vteximg.com.br/arquivos/ids/34333612/20057688.jpg?v=639124918703570000,2026-05-03 20:10
5027,5467,20080972,7753749002493,Gaseosa GUARANÁ Botella 1L,GUARANÁ,null,gaseosa-guarana-botella-1l,https://www.plazavea.com.pe/gaseosa-guarana-botella-1l/p,7,Gaseosas,1652,3.5,3.5,,,False,True,PEN,Delivery Express | Colección FOOD Express | Vive el verano | Promoción Corona Tropical | Bebidas AgoraPay,5,https://plazavea.vteximg.com.br/arquivos/ids/33481449/20080972.jpg?v=639041738899700000,2026-05-03 20:10
4935,4963,20073703,7750182002684,Ginger Ale SCHWEPPES Citrus Botella 1.5L,SCHWEPPES,,gaseosa-schweppes-citrus-botella-1-5l,https://www.plazavea.com.pe/gaseosa-schweppes-citrus-botella-1-5l/p,7,Gaseosas,1654,6.6,6.5,,1.5,True,True,PEN,Delivery Express | Colección FOOD Express | Promoción Qatar Coca Cola | The Coca Cola Company | Vive el verano,17,https://plazavea.vteximg.com.br/arquivos/ids/29320799/20073703.jpg?v=638591621173900000,2026-05-03 20:10
4927,4967,20073450,7751580001040,Gaseosa SEVEN UP Lima Limón Botella 355ml,SEVEN UP,null,gaseosa-seven-up-botella-355ml,https://www.plazavea.com.pe/gaseosa-seven-up-botella-355ml/p,7,Gaseosas,1653,1.5,1.5,,,False,True,PEN,Colección FOOD Express | Bebidas AgoraPay,2,https://plazavea.vteximg.com.br/arquivos/ids/33481441/20073450.jpg?v=639041738826000000,2026-05-03 20:10
101989238,12334016,20621705,,Gaseosa Uva FANTA Botella 300ml,FANTA,,gaseosa-uva-fanta-botella-300ml-20621705,https://www.plazavea.com.pe/gaseosa-uva-fanta-botella-300ml-20621705/p,7,Gaseosas,1653,2.2,2.2,,,False,True,PEN,,0,https://plazavea.vteximg.com.br/arquivos/ids/34262494/20621705.jpg?v=639117095616830000,2026-05-03 20:10
101924933,12274760,20570909,,Gaseosa HEY FIT Soda Tango Twist Lata 355ml,HEY FIT,,gaseosa-hey-fit-soda-tango-twist-lata-355ml-20570909,https://www.plazavea.com.pe/gaseosa-hey-fit-soda-tango-twist-lata-355ml-20570909/p,7,Gaseosas,1653,3.9,3.9,,,False,True,PEN,plazaVea | Novedades | 2026,1,https://plazavea.vteximg.com.br/arquivos/ids/34477003/20570909.jpg?v=639130843126100000,2026-05-03 20:10
101924910,12274737,20570907,,Gaseosa HEY FIT Soda Summer Breeze Lata 355ml,HEY FIT,,gaseosa-hey-fit-soda-summer-breeze-lata-355ml-20570907,https://www.plazavea.com.pe/gaseosa-hey-fit-soda-summer-breeze-lata-355ml-20570907/p,7,Gaseosas,1653,3.9,3.9,,,False,True,PEN,plazaVea | Novedades | 2026,1,https://plazavea.vteximg.com.br/arquivos/ids/34476999/20570907.jpg?v=639130843079600000,2026-05-03 20:10
101201019,11578020,20466722,78000003154,Gaseosa DR PEPPER Lata 355ml,DR. PEPPER,,gaseosa-dr-pepper-lata-355ml,https://www.plazavea.com.pe/gaseosa-dr-pepper-lata-355ml/p,7,Gaseosas,1653,6.8,6.8,,,False,True,PEN,,0,https://plazavea.vteximg.com.br/arquivos/ids/30281802/20466722.jpg?v=638688026889830000,2026-05-03 20:10
101123614,11495945,20426704,7401005914669,Gaseosa PEPSI Cola Botella 1.5L,PEPSI,null,gaseosa-pepsi-cola-botella-1-5l,https://www.plazavea.com.pe/gaseosa-pepsi-cola-botella-1-5l/p,7,Gaseosas,1652,5.5,5.5,,,False,True,PEN,,0,https://plazavea.vteximg.com.br/arquivos/ids/30892714/20426704.jpg?v=638779408467100000,2026-05-03 20:10
101089402,11458433,20426707,7401005914645,Gaseosa PEPSI Cola Botella 750ml,PEPSI,null,gaseosa-pepsi-cola-botella-750ml,https://www.plazavea.com.pe/gaseosa-pepsi-cola-botella-750ml/p,7,Gaseosas,1653,2.8,2.5,,10.7,True,True,PEN,,0,https://plazavea.vteximg.com.br/arquivos/ids/30892718/20426707.jpg?v=638779408629400000,2026-05-03 20:10
101066585,11434425,20392792,7401005904011,Gaseosa PEPSI Lata 355ml,PEPSI,,gaseosa-pepsi-lata-355ml,https://www.plazavea.com.pe/gaseosa-pepsi-lata-355ml/p,7,Gaseosas,1653,5.0,4.9,,2.0,True,True,PEN,,0,https://plazavea.vteximg.com.br/arquivos/ids/33481520/20392792.jpg?v=639041739498800000,2026-05-03 20:10
101066572,11434412,20256773,7750182007443,Pack Gaseosa INCA KOLA Botella 2.5L Paquete 2un,INCA KOLA,,pack-gaseosa-inca-kola-botella-2-5l-paquete-2un,https://www.plazavea.com.pe/pack-gaseosa-inca-kola-botella-2-5l-paquete-2un/p,7,Gaseosas,1652,18.6,18.6,,,False,True,PEN,Arca | RM | plazaVea | Campaña Arca,2,https://plazavea.vteximg.com.br/arquivos/ids/33481474/20256773.jpg?v=639041739142030000,2026-05-03 20:10
100990986,11360052,20256774,7750182007474,Gaseosa INCA KOLA Botella 2.5L,INCA KOLA,null,gaseosa-inca-kola-botella-2-5l,https://www.plazavea.com.pe/gaseosa-inca-kola-botella-2-5l/p,7,Gaseosas,1652,10.2,10.2,,,False,True,PEN,Coca Cola Avengers | Sorteo Copa Libertadores | Coca Cola | Arca | RM | plazaVea | Campaña Arca,6,https://plazavea.vteximg.com.br/arquivos/ids/33481475/20256774.jpg?v=639041739154470000,2026-05-03 20:10
100143884,10246572,20251475,7750670016148,Gaseosa SABOR DE ORO Botella 3.03L,SABOR DE ORO,,gaseosa-sabor-de-oro-botella-3-03l,https://www.plazavea.com.pe/gaseosa-sabor-de-oro-botella-3-03l/p,7,Gaseosas,1652,7.5,6.5,,13.3,True,True,PEN,Vive el verano | Bebidas AgoraPay,2,https://plazavea.vteximg.com.br/arquivos/ids/33481468/20251475.jpg?v=639041739106670000,2026-05-03 20:10
99965970,10057997,20200994,7750182004466,Gaseosa SPRITE Botella 300ml,SPRITE,,gaseosa-sprite-botella-300ml,https://www.plazavea.com.pe/gaseosa-sprite-botella-300ml/p,7,Gaseosas,1653,2.2,2.2,,,False,True,PEN,Colección FOOD Express | The Coca Cola Company | Bebidas AgoraPay | Fanta Misterio | Coca - Cola,8,https://plazavea.vteximg.com.br/arquivos/ids/26049159/20200994.jpg?v=638161922659700000,2026-05-03 20:10
99964137,10056594,20200920,2200202009209,Gaseosa BELL'S Cola Piña Botella 3L,BELL'S,,gaseosa-bells-cola-pina-botella-3l,https://www.plazavea.com.pe/gaseosa-bells-cola-pina-botella-3l/p,7,Gaseosas,1652,4.9,4.9,,,False,True,PEN,Colección FOOD Express | Nuestras Marcas | Nuestras Marcas | Vive el verano | Bebidas AgoraPay,6,https://plazavea.vteximg.com.br/arquivos/ids/519426/20200920.jpg?v=637417786845400000,2026-05-03 20:10
99928304,10018516,20193796,2200201937961,Gaseosa BELL'S Cola Roja Botella 3L,BELL'S,,gaseosa-bells-cola-roja-botella-3l,https://www.plazavea.com.pe/gaseosa-bells-cola-roja-botella-3l/p,7,Gaseosas,1652,4.9,4.9,,,False,True,PEN,Delivery Express | Colección FOOD Express | Nuestras Marcas | Nuestras Marcas | Vive el verano,11,https://plazavea.vteximg.com.br/arquivos/ids/534590/20193796.jpg?v=637420541783530000,2026-05-03 20:10
78459,82181,20181633,2200201816334,Gaseosa BELL'S Cola Botella 3L,BELL'S,,gaseosa-bells-cola-botella-3l,https://www.plazavea.com.pe/gaseosa-bells-cola-botella-3l/p,7,Gaseosas,1652,4.9,4.9,,,False,True,PEN,Colección FOOD Express | Nuestras Marcas | Nuestras Marcas | Vive el verano | BELL'S ABARROTES Y BEBIDAS,10,https://plazavea.vteximg.com.br/arquivos/ids/413014/20181633.jpg?v=637365795459230000,2026-05-03 20:10
53172,54649,20183299,7401005910401,Gaseosa PEPSI + 7UP + CONCORDIA Naranja Botella 3L Paquete 3un,PEPSI,,gaseosa-pepsi-7up-concordia-naranja-botella-3l-paquete-3un,https://www.plazavea.com.pe/gaseosa-pepsi-7up-concordia-naranja-botella-3l-paquete-3un/p,7,Gaseosas,1652,20.9,20.9,,,False,True,PEN,Delivery Express | Vive el verano | Bebidas AgoraPay,3,https://plazavea.vteximg.com.br/arquivos/ids/1557276/20183299.jpg?v=637556844481270000,2026-05-03 20:10
48987,49328,20171726,7753749003186,Gaseosa GUARANÁ Botella 450ml,GUARANÁ,null,gaseosa-guarana-botella-450ml,https://www.plazavea.com.pe/gaseosa-guarana-botella-450ml/p,7,Gaseosas,1653,2.2,2.2,,,False,True,PEN,Delivery Express | Colección FOOD Express | Promoción Corona Tropical | Bebidas AgoraPay | Landing Makro | Refresca tu Hogar al por Mayor,7,https://plazavea.vteximg.com.br/arquivos/ids/6760540/20171726.jpg?v=637805496954900000,2026-05-03 20:10
23305,23260,20104289,7751655000749,Gaseosa PEPSI Botella 3L Paquete 2un,PEPSI,,gaseosa-pepsi-botella-3l-paquete-2un,https://www.plazavea.com.pe/gaseosa-pepsi-botella-3l-paquete-2un/p,7,Gaseosas,1652,17.2,17.2,,,False,True,PEN,Delivery Express | Vive el verano | Bebidas AgoraPay,3,https://plazavea.vteximg.com.br/arquivos/ids/33481430/20104289.jpg?v=639041738702530000,2026-05-03 20:10
